,职位编码,职位名称,所在城市,发布日期,薪资待遇(k),公司编码,公司名称,公司全称,公司规模,所在区域,最低学历,融资状态,公司类型,经度,纬度,全职/实习,工作经验
0,4262714,自动化测试,上海,2018-04-28 10:21:00,12.0,128998,江苏亿科达,上海海万信息科技股份有限公司,500-2000人,浦东新区,本科,不需要融资,"移动互联网,金融",121.666906,31.238157,全职,3-5年
1,2213226,自动化测试,杭州,2018-04-28 15:30:22,14.0,14945,销冠科技,销冠网络科技有限公司,500-2000人,上城区,本科,B轮,移动互联网,120.17713948,30.21697005,全职,3-5年
2,4322574,自动化测试工程师,北京,2018-04-26 19:31:34,21.0,82991,数美,北京数美时代科技有限公司,150-500人,朝阳区,本科,B轮,"企业服务,数据服务",116.465953,40.021083,全职,1-3年
3,3257358,自动化测试,上海,2018-04-26 10:12:16,17.6,16831,武汉佰钧成技术有限公司,武汉佰钧成技术有限责任公司,2000人以上,长宁区,本科,不需要融资,移动互联网,,,全职,3-5年
4,3621709,自动化测试工程师,杭州,2018-04-28 14:09:38,12.6,21658,信领达,信领达（杭州）软件有限公司,50-150人,西湖区,本科,D轮及以上,移动互联网,119.993591,29.993662,全职,3-5年
5,4202723,自动化测试,北京,2018-04-29 11:18:40,14.0,5706,洋葱数学,光合新知（北京）科技有限公司,150-500人,朝阳区,不限,C轮,"移动互联网,教育",116.500139,39.991999,全职,1-3年
6,4097331,自动化测试,成都,2018-04-28 09:53:48,12.0,2548,易我科技,成都易我科技开发有限责任公司,50-150人,高新区,大专,不需要融资,"移动互联网,游戏",103.99341,30.994233,全职,3-5年
7,3591912,自动化测试工程师,北京,2018-04-28 14:46:20,21.0,81107,一亩田,北京一人一亩田网络科技有限公司,150-500人,海淀区,本科,C轮,"移动互联网,电子商务",116.351057,39.977249,全职,3-5年
8,3143599,自动化测试工程师,北京,2018-04-28 09:13:03,12.0,62029,一起考教师,北京清众教育科技有限公司,50-150人,海淀区,本科,A轮,"移动互联网,教育",116.296582,39.967659,全职,1-3年
9,4341071,自动化测试工程师,杭州,2018-04-28 16:00:19,15.0,143587,拓道金服,杭州拓道互联网金融服务有限公司,500-2000人,西湖区,大专,A轮,"移动互联网,金融",120.073283,30.287744,全职,3-5年
10,3935733,自动化测试,大连,2018-04-28 09:58:02,10.6,142626,CLPS,上海华钦信息科技股份有限公司,500-2000人,高新园区,本科,未融资,"数据服务,金融",121.51373,38.847258,全职,3-5年
11,1306791,自动化测试,北京,2018-04-28 09:34:08,19.0,8877,AA租车,先锋智道（北京）科技有限公司,2000人以上,朝阳区,本科,不需要融资,"移动互联网,O2O",116.49344601,39.97552406,全职,3-5年
12,2866547,自动化测试工程师,北京,2018-04-30 00:16:16,19.0,139078,唯医网,北京欧应信息技术有限公司,150-500人,朝阳区,本科,B轮,"移动互联网,医疗健康",116.45347,39.91613,全职,5-10年
13,4281539,自动化测试工程师,广州,2018-04-27 18:28:10,12.0,30162,公瑾,北京公瑾科技有限公司广州分公司,500-2000人,天河区,本科,B轮,移动互联网,0.0,0.0,全职,1-3年
14,4227632,自动化测试/接口自动化测试,杭州,2018-04-28 19:45:18,12.6,84693,玛瑙湾,杭州玛瑙湾科技有限公司,50-150人,西湖区,本科,不需要融资,"移动互联网,金融",120.09875,30.27004,全职,3-5年
15,3554713,自动化测试工程师,上海,2018-04-28 17:31:47,13.2,128998,江苏亿科达,上海海万信息科技股份有限公司,500-2000人,黄浦区,大专,不需要融资,"移动互联网,金融",0.0,0.0,全职,3-5年
16,4485707,自动化测试工程师,北京,2018-04-27 19:11:46,17.0,82991,数美,北京数美时代科技有限公司,150-500人,朝阳区,本科,B轮,"企业服务,数据服务",116.465999,40.021827,全职,1-3年
17,4110111,自动化测试工程师,北京,2018-04-28 13:39:11,13.6,25439,Udesk－企业级智能客服平台,北京沃丰时代数据科技有限公司,150-500人,西城区,本科,B轮,其他,116.357353,39.939211,全职,3-5年
18,4084262,自动化测试及开发,上海,2018-04-28 18:04:14,14.4,142626,CLPS,上海华钦信息科技股份有限公司,500-2000人,浦东新区,本科,未融资,"数据服务,金融",121.59819964,31.21080018,全职,1-3年
19,3858950,自动化测试,北京,2018-04-28 16:19:25,19.0,83585,XSKY,星辰天合（北京）数据科技有限公司,150-500人,海淀区,本科,B轮,企业服务,116.28944,39.96065,全职,3-5年
20,3642318,自动化测试开发,武汉,2018-04-27 14:40:55,7.6,16831,武汉佰钧成技术有限公司,武汉佰钧成技术有限责任公司,2000人以上,江夏区,本科,不需要融资,移动互联网,114.53759,30.4905,全职,1-3年
21,4502377,自动化测试,大连,2018-04-29 19:13:40,8.0,90293,纬创软件（大连）,纬创软件（北京）有限公司大连分公司,150-500人,沙河口区,本科,上市公司,"信息安全,数据服务",121.589599,38.892316,全职,3-5年
22,3614909,自动化测试工程师,北京,2018-04-28 15:03:57,19.0,179,她理财,北京新工场投资顾问有限公司,50-150人,朝阳区,本科,A轮,"移动互联网,金融",116.47297,39.90786007,全职,3-5年
23,3334714,自动化测试,武汉,2018-04-28 13:58:50,13.2,33790,深瞐科技,北京深瞐科技有限公司,50-150人,东湖新技术开发区,本科,B轮,信息安全、数据服务,114.40964,30.456048,全职,1-3年
24,4125437,自动化测试工程师,上海,2018-04-26 15:13:40,14.4,50417,爱客CRM,上海微问家信息技术有限公司,50-150人,浦东新区,本科,A轮,移动互联网,121.602929,31.199045,全职,1-3年
25,4366973,自动化测试,杭州,2018-04-27 10:55:28,10.8,88499,火石创造,杭州费尔斯通科技有限公司,50-150人,滨江区,本科,A轮,医疗健康,119.993591,29.993662,全职,3-5年
26,2566350,自动化测试,上海,2018-04-23 09:37:31,13.2,14093,瞬联软件科技（北京）有限公司,瞬联软件科技（北京）有限公司,500-2000人,长宁区,本科,不需要融资,"移动互联网 ,企业服务",121.351522,31.220022,全职,不限
27,1796145,自动化测试工程师,西安,2018-04-28 09:15:28,7.6,118198,西安卓派信息科技有限公司,西安卓派信息科技有限公司,50-150人,高新技术产业开发区,不限,B轮,"O2O,其他",108.88432979,34.21327988,全职,1-3年
28,4465548,自动化测试开发工程师,广州,2018-04-27 15:11:13,17.0,212032,尚德机构,北京尚德在线教育科技有限公司,2000人以上,天河区,本科,上市公司,教育,0.0,0.0,全职,3-5年
29,2189483,自动化测试,北京,2018-04-28 11:58:03,10.8,141955,嘀嗒出行,拼途（北京）信息技术有限公司,150-500人,朝阳区,本科,D轮及以上,"移动互联网,O2O",116.473119,40.019247,全职,1-3年
30,3829889,自动化测试工程师,南京,2018-04-27 15:21:29,11.2,16831,武汉佰钧成技术有限公司,武汉佰钧成技术有限责任公司,2000人以上,雨花台区,本科,不需要融资,移动互联网,118.767867,31.986663,全职,3-5年
31,3855437,自动化测试开发工程师,上海,2018-04-28 14:47:13,11.2,128998,江苏亿科达,上海海万信息科技股份有限公司,500-2000人,徐汇区,本科,不需要融资,"移动互联网,金融",121.462683,31.1871,全职,3-5年
32,4352973,自动化测试工程师,上海,2018-04-27 17:05:46,17.4,7090,Teambition,上海汇翼信息科技有限公司,150-500人,浦东新区,本科,B轮,"移动互联网,企业服务",121.583532,31.197561,全职,3-5年
33,965505,自动化测试,杭州,2018-04-30 10:03:50,15.2,72753,美国道富,道富信息科技浙江有限公司,2000人以上,西湖区,本科,上市公司,金融,120.064683,30.311752,全职,3-5年
34,3548859,自动化测试,上海,2018-04-27 18:40:25,12.6,14093,瞬联软件科技（北京）有限公司,瞬联软件科技（北京）有限公司,500-2000人,闵行区,本科,不需要融资,"移动互联网 ,企业服务",121.390411,31.164691,全职,1-3年
35,4407952,自动化测试工程师,广州,2018-04-27 09:40:34,12.0,320,玄武科技,广州市玄武无线科技股份有限公司,500-2000人,天河区,本科,上市公司,"移动互联网,招聘",113.320888,23.140158,全职,3-5年
36,3858115,自动化测试工程师,北京,2018-04-27 17:20:13,19.0,83585,XSKY,星辰天合（北京）数据科技有限公司,150-500人,海淀区,本科,B轮,企业服务,116.28944,39.96065,全职,3-5年
37,3861963,自动化测试,北京,2018-04-23 14:12:06,17.0,17965,海马玩,北京海誉动想科技有限公司,150-500人,朝阳区,本科,C轮,移动互联网,116.497961,39.975986,全职,3-5年
38,3771594,自动化测试工程师,北京,2018-04-27 10:22:33,10.4,25317,金证股份,深圳市金证科技股份有限公司,2000人以上,西城区,本科,上市公司,金融,116.359861,39.917225,全职,3-5年
39,4304875,自动化测试工程师,北京,2018-04-26 09:43:27,14.0,26426,BJCA,北京数字认证股份有限公司,500-2000人,海淀区,本科,上市公司,信息安全,116.304382,39.984408,全职,5-10年
40,4374804,自动化测试工程师,深圳,2018-04-28 15:35:10,10.6,17275,数睿科技,数睿科技（深圳）有限公司,150-500人,福田区,本科,上市公司,"移动互联网,电子商务",114.061417,22.570743,全职,1-3年
41,3479923,自动化测试,上海,2018-04-20 18:12:40,17.0,42418,坤亿科技,上海坤亿信息技术有限公司,50-150人,浦东新区,本科,不需要融资,"电子商务,企业服务",0.0,0.0,全职,3-5年
42,3480574,自动化测试,杭州,2018-04-28 10:52:03,11.2,223237,淘股神,杭州韦恩网络技术有限公司,15-50人,下城区,大专,A轮,"移动互联网,金融",120.162897,30.277435,全职,1-3年
43,3492734,自动化测试工程师,杭州,2018-04-27 13:58:53,14.0,71931,车国,浙江车国网络科技有限公司,2000人以上,江干区,本科,不需要融资,"移动互联网,O2O",120.20925,30.241525,全职,3-5年
44,4427145,自动化测试工程师,北京,2018-04-27 13:44:02,14.0,8103,汽车之家,北京车之家信息技术有限公司,2000人以上,海淀区,本科,上市公司,"移动互联网,文化娱乐",116.311989,39.979473,全职,3-5年
45,4491936,自动化测试工程师,上海,2018-04-28 09:11:37,19.6,16831,武汉佰钧成技术有限公司,武汉佰钧成技术有限责任公司,2000人以上,长宁区,本科,不需要融资,移动互联网,121.35433,31.220256,全职,3-5年
46,3194020,自动化测试,上海,2018-04-24 13:20:20,31.0,150030,北京瑞友,北京瑞友科技股份有限公司,2000人以上,长宁区,本科,上市公司,"移动互联网,电子商务",121.353694,31.222937,全职,5-10年
47,3804810,自动化测试工程师,北京,2018-04-28 15:14:08,24.0,136978,玖富集团,玖富金科控股集团有限责任公司,2000人以上,朝阳区,本科,C轮,金融,116.480792,39.99613,全职,5-10年
48,3939941,自动化测试工程师,北京,2018-04-28 14:25:31,19.0,40459,商汤科技,北京市商汤科技开发有限公司,500-2000人,海淀区,本科,B轮,移动互联网,116.330506,39.994072,全职,3-5年
49,3824710,软件测试工程师（自动化测试 ）,广州,2018-04-28 13:44:09,12.0,67777,快批KP,广州快批信息科技有限公司,50-150人,海珠区,本科,A轮,"移动互联网,数据服务",113.382499,23.098455,全职,1-3年
50,2801896,自动化测试工程师,北京,2018-04-27 20:45:01,22.0,534,京东金融,京东金融,2000人以上,通州区,本科,上市公司,金融,116.52117756,39.82198934,全职,5-10年
51,4445657,自动化测试工程师,北京,2018-04-27 14:34:52,14.0,37446,APUS Group,北京麒麟合盛科技有限公司,150-500人,朝阳区,本科,B轮,移动互联网,116.480792,39.996,全职,3-5年
52,4208168,自动化测试,西安,2018-04-25 16:23:46,9.6,22862,上海中软华腾软件系统有限公司,上海中软华腾软件系统有限公司,2000人以上,高新技术产业开发区,本科,上市公司,"企业服务,金融",108.835491,34.206457,全职,3-5年
53,3968031,自动化测试工程师,深圳,2018-04-28 09:21:56,17.8,15265,我来贷WeLab,深圳卫盈智信科技有限公司,500-2000人,南山区,本科,B轮,金融,113.94212,22.50907,全职,3-5年
54,4456229,自动化测试工程师,上海,2018-04-20 13:55:16,19.0,29824,众安保险,众安在线财产保险股份有限公司,2000人以上,黄浦区,本科,上市公司,金融,121.48782,31.243034,全职,3-5年
55,4076579,自动化测试工程师,成都,2018-04-27 16:32:48,10.8,95229,四川长虹电器股份有限公司,四川长虹电器股份有限公司,2000人以上,高新区,本科,上市公司,硬件,104.063426,30.541304,全职,3-5年
56,3741603,自动化测试工程师,北京,2018-04-24 13:37:28,19.0,70,宝宝树,宝宝树（北京）信息技术有限公司,500-2000人,朝阳区,本科,D轮及以上,社交网络,115.99339,39.99426,全职,3-5年
57,4437886,自动化测试工程师,北京,2018-04-28 13:26:02,19.0,3038,Gridsum 国双,北京国双科技有限公司,500-2000人,海淀区,本科,上市公司,"数据服务,企业服务",116.33175,39.975987,全职,3-5年
58,4229742,自动化测试工程师,北京,2018-04-12 07:05:09,14.0,31590,四维图新,北京四维图新科技股份有限公司,2000人以上,海淀区,本科,上市公司,"移动互联网,生活服务",116.245368,40.072979,全职,5-10年
59,4086649,自动化测试工程师,上海,2018-04-27 16:29:15,19.0,40077,上海钢银,上海钢银电子商务股份有限公司,500-2000人,宝山区,本科,上市公司,"移动互联网,电子商务",121.34243,31.30355,全职,3-5年
60,3244075,自动化测试,武汉,2018-04-23 15:41:09,8.4,16831,武汉佰钧成技术有限公司,武汉佰钧成技术有限责任公司,2000人以上,洪山区,本科,不需要融资,移动互联网,114.406936,30.478623,全职,不限
61,1977317,自动化测试工程师,北京,2018-04-27 16:24:25,19.0,50604,roobo,北京智能管家科技有限公司,150-500人,东城区,本科,B轮,移动互联网,116.433221,39.920718,全职,3-5年
62,3666907,自动化测试工程师,杭州,2018-04-26 13:26:40,19.0,83866,华院数据,华院数据技术（上海）有限公司,500-2000人,上城区,本科,C轮,"企业服务,数据服务",39.897445,116.331398,全职,3-5年
63,4179321,自动化测试工程师,杭州,2018-04-25 14:56:40,14.4,108389,浙江新再灵科技股份有限公司,浙江新再灵科技股份有限公司,150-500人,滨江区,本科,D轮及以上,移动互联网,120.18475,30.183295,全职,3-5年
64,3922143,自动化测试工程师,北京,2018-04-27 15:12:55,25.2,36162,作业盒子,北京作业盒子科技有限公司,500-2000人,朝阳区,本科,C轮,"移动互联网,教育",116.479717,39.995024,全职,3-5年
65,4249946,自动化测试工程师,北京,2018-04-27 09:40:13,17.0,173284,印象笔记,艾沃诺特（北京）科技有限公司,150-500人,朝阳区,本科,D轮及以上,"移动互联网,企业服务",116.487867,39.999765,全职,3-5年
66,4486935,自动化测试工程师,深圳,2018-04-28 17:57:06,9.6,90570,Doo Holding,中国都会控股集团有限公司,50-150人,南山区,本科,A轮,金融,113.91389,22.540677,全职,1-3年
67,952723,自动化测试,上海,2018-04-28 16:33:41,21.0,42899,小蚁,上海小蚁科技有限公司,150-500人,浦东新区,本科,C轮,"移动互联网,硬件",121.60033681,31.20751133,全职,3-5年
68,4049144,自动化测试工程师,北京,2018-04-28 14:25:31,24.0,40459,商汤科技,北京市商汤科技开发有限公司,500-2000人,海淀区,本科,B轮,移动互联网,116.330506,39.994072,全职,3-5年
69,4435396,自动化测试工程师,上海,2018-04-28 09:51:27,12.0,6732,穿衣助手,上海优梦信息科技有限公司,50-150人,杨浦区,本科,B轮,"移动互联网,电子商务",121.51801,31.30932,全职,1-3年
70,4300556,自动化测试,广州,2018-04-27 09:58:51,14.0,150030,北京瑞友,北京瑞友科技股份有限公司,2000人以上,天河区,本科,上市公司,"移动互联网,电子商务",113.371257,23.124448,全职,3-5年
71,4469663,自动化测试工程师,上海,2018-04-28 10:11:45,16.2,157588,裕宁科技,上海裕宁信息科技有限公司,50-150人,普陀区,本科,未融资,"移动互联网,金融",0.0,0.0,全职,5-10年
72,4116190,自动化测试工程师,成都,2018-04-28 09:53:48,6.8,2548,易我科技,成都易我科技开发有限责任公司,50-150人,高新区,大专,不需要融资,"移动互联网,游戏",103.99341,30.994233,全职,1-3年
73,3843253,自动化测试,上海,2018-04-27 15:45:23,19.0,86312,再惠网络,再惠（上海）网络科技有限公司,150-500人,长宁区,本科,B轮,"移动互联网,企业服务",121.42700865,31.19913103,全职,3-5年
74,4313262,自动化测试工程师,珠海,2018-04-25 09:52:09,14.0,7835,金山办公软件,北京金山软件有限公司,2000人以上,香洲区,大专,上市公司,移动互联网,113.601205,22.34793,全职,3-5年
75,4434040,自动化测试专家,杭州,2018-04-28 19:01:14,33.0,59928,盈盈理财,杭州盈纳控股集团有限公司,500-2000人,下城区,本科,A轮,移动互联网,120.165783,30.315415,全职,5-10年
76,4477880,自动化测试工程师 (MJ000734),广州,2018-04-28 11:17:39,14.0,44841,PPmoney互联网金融平台,万惠投资管理有限公司,500-2000人,天河区,本科,上市公司,金融,113.326686,23.119559,全职,3-5年
77,4388357,自动化测试,上海,2018-04-09 14:03:50,14.4,60054,掌门1对1在线教育,上海掌小门教育科技有限公司,500-2000人,虹口区,本科,D轮及以上,"移动互联网,教育",121.488669,31.259278,全职,5-10年
78,3905801,自动化测试工程师,上海,2018-04-27 15:45:23,22.4,86312,再惠网络,再惠（上海）网络科技有限公司,150-500人,长宁区,本科,B轮,"移动互联网,企业服务",121.42700865,31.19913103,全职,1-3年
79,2991147,高级自动化测试,北京,2018-04-24 10:15:56,22.0,11739,随行付支付有限公司,随行付支付有限公司,500-2000人,石景山区,本科,上市公司,金融,115.99339,39.99426,全职,5-10年
80,4404349,自动化测试,武汉,2018-04-27 11:04:30,7.6,205821,武汉烧麦财播科技有限公司,武汉烧麦财播科技有限公司,50-150人,武昌区,本科,不需要融资,"移动互联网,金融",114.341085,30.554869,全职,5-10年
81,4321007,自动化测试工程师,上海,2018-04-23 09:35:03,19.0,172297,国泰产险,国泰财产保险有限责任公司,500-2000人,浦东新区,本科,不需要融资,金融,121.522641,31.229847,全职,3-5年
82,4473830,自动化测试工程师,北京,2018-04-27 09:32:58,22.0,56698,屏芯科技,北京屏芯科技有限公司,500-2000人,海淀区,本科,B轮,"移动互联网,电子商务",116.330301,39.993134,全职,5-10年
83,3790526,自动化测试工程师,北京,2018-04-26 18:53:37,14.0,28659,奥琦玮,奥琦玮信息科技（北京）有限公司,150-500人,朝阳区,本科,B轮,"移动互联网,O2O",115.99339,39.99426,全职,3-5年
84,4004421,自动化测试工程师,上海,2018-04-28 17:05:32,15.2,243778,斐讯技术,四川斐讯信息技术有限公司,2000人以上,松江区,本科,不需要融资,"信息安全,硬件",121.160026,31.02424,全职,3-5年
85,3862640,自动化测试工程师,南京,2018-04-25 20:00:36,11.4,53992,苏宁易购,南京苏宁软件技术有限公司,2000人以上,玄武区,本科,上市公司,"O2O,移动互联网",0.0,0.0,全职,3-5年
86,3987345,自动化测试工程师,长沙,2018-04-28 11:55:14,10.2,7382,中和农信,中和农信项目管理有限公司,2000人以上,岳麓区,本科,不需要融资,"移动互联网,金融",112.876209,28.228419,全职,3-5年
87,3313872,自动化测试工程师,南京,2018-04-27 14:01:46,12.6,51649,掌众金服,北京掌众科技有限公司,500-2000人,秦淮区,本科,B轮,"移动互联网,金融",118.771576,32.038083,全职,3-5年
88,3342321,自动化测试工程师,北京,2018-04-28 11:09:26,15.2,9955,学堂在线,北京慕华信息科技有限公司,150-500人,海淀区,本科,B轮,"移动互联网,教育",116.329427,39.99412,全职,3-5年
89,3935236,自动化测试专家（测试经理）,上海,2018-04-27 22:58:10,20.8,22862,上海中软华腾软件系统有限公司,上海中软华腾软件系统有限公司,2000人以上,浦东新区,本科,上市公司,"企业服务,金融",121.635159,31.222879,全职,5-10年
90,3723101,自动化测试工程师,上海,2018-04-08 10:24:04,14.4,60054,掌门1对1在线教育,上海掌小门教育科技有限公司,500-2000人,虹口区,本科,D轮及以上,"移动互联网,教育",121.488669,31.259278,全职,5-10年
91,3773946,自动化测试工程师,北京,2018-04-26 11:07:17,16.8,166177,耀莱在线,耀莱在线（北京）商业服务有限公司,500-2000人,朝阳区,本科,上市公司,"移动互联网,电子商务",116.44935,39.936686,全职,3-5年
92,4471264,自动化测试工程师,惠州,2018-04-24 11:35:00,9.8,221266,德赛西威,惠州市德赛西威汽车电子股份有限公司,2000人以上,惠城区,本科,上市公司,"硬件,其他",114.346003,23.044989,全职,1-3年
93,4358130,中级自动化测试工程师,广州,2018-04-27 18:28:09,12.0,30162,公瑾,北京公瑾科技有限公司广州分公司,500-2000人,天河区,本科,B轮,移动互联网,0.0,0.0,全职,1-3年
94,4414140,自动化测试工程师,杭州,2018-04-25 16:07:44,19.0,23252,兑吧,杭州兑吧网络科技有限公司,500-2000人,西湖区,本科,A轮,移动互联网,120.112127,30.287766,全职,3-5年
95,3349984,自动化测试工程师,上海,2018-04-27 10:38:20,21.0,228,Strikingly,"Striking.ly, Inc.",150-500人,杨浦区,不限,A轮,移动互联网,121.99341,30.994275,全职,不限
96,3039707,自动化测试工程师,杭州,2018-04-27 09:50:06,11.2,35980,车纷享,杭州车厘子智能科技有限公司,150-500人,拱墅区,大专,不需要融资,移动互联网,120.114024,30.325485,全职,1-3年
97,4410836,自动化测试工程师,重庆,2018-04-25 09:08:43,8.4,124717,中冶赛迪研发中心,中冶赛迪技术研究中心有限公司,150-500人,渝北区,本科,不需要融资,其他,106.576318,29.636325,全职,不限
98,4473634,自动化测试工程师,北京,2018-04-24 15:31:36,27.0,136978,玖富集团,玖富金科控股集团有限责任公司,2000人以上,朝阳区,本科,C轮,金融,116.46821,40.021814,全职,5-10年
99,4055852,自动化测试工程师,北京,2018-04-16 12:52:28,12.6,74495,JETTECH,上海捷科智诚科技有限公司,500-2000人,海淀区,本科,上市公司,"金融,其他",116.351917,39.977259,全职,3-5年
100,4151854,软件自动化测试工程师,成都,2018-04-28 09:43:21,8.8,40328,成都市米彩科技有限公司,成都市米彩科技有限公司,150-500人,武侯区,本科,不需要融资,"移动互联网,生活服务",104.053708,30.581518,全职,1-3年
101,3003010,自动化测试/测试开发,北京,2018-04-27 14:01:48,24.0,51649,掌众金服,北京掌众科技有限公司,500-2000人,海淀区,不限,B轮,"移动互联网,金融",116.377538,40.032391,全职,5-10年
102,4359519,自动化测试工程师,北京,2018-04-26 18:53:37,9.6,28659,奥琦玮,奥琦玮信息科技（北京）有限公司,150-500人,朝阳区,本科,B轮,"移动互联网,O2O",116.393925,40.004041,全职,1年以下
103,4086884,自动化测试工程师,北京,2018-04-25 09:37:44,14.0,73043,百融金服,百融（北京）金融信息服务股份有限公司,500-2000人,海淀区,本科,B轮,"金融,数据服务",115.99339,39.99426,全职,3-5年
104,4306893,自动化测试专家,北京,2018-04-27 18:31:37,33.0,139755,京东商城,北京京东世纪贸易有限公司,2000人以上,大兴区,本科,上市公司,电子商务,116.50601,39.793232,全职,5-10年
105,4033492,性能及自动化测试工程师,广州,2018-04-24 15:25:04,11.2,65038,支点网络,广州支点网络科技股份有限公司,50-150人,天河区,大专,B轮,"移动互联网,社交网络",113.348976,23.1796,全职,3-5年
106,3820938,自动化测试工程师,北京,2018-04-28 17:17:43,14.0,95651,玩吧,北京默契破冰科技有限公司,50-150人,东城区,本科,B轮,"移动互联网,社交网络",116.436939,39.940498,全职,3-5年
107,3217215,自动化测试工程师,北京,2018-04-27 18:20:43,21.0,88433,北京中铁信,北京中铁信科技有限公司,150-500人,海淀区,本科,不需要融资,其他,0.0,0.0,全职,1-3年
108,4169062,自动化测试,上海,2018-04-27 10:22:32,10.2,25317,金证股份,深圳市金证科技股份有限公司,2000人以上,浦东新区,本科,上市公司,金融,121.531974,31.224473,全职,1-3年
109,3037412,自动化测试工程师,西安,2018-04-20 17:09:14,14.0,4828,当当网,北京当当网信息技术有限公司,2000人以上,高新技术产业开发区,本科,上市公司,"移动互联网,电子商务",0.0,0.0,全职,3-5年
110,4364700,自动化测试工程师,北京,2018-04-27 10:01:06,20.2,66815,达飞云贷,达飞云贷科技（北京）有限公司,2000人以上,朝阳区,大专,不需要融资,"移动互联网,金融",0.0,0.0,全职,3-5年
111,3166151,自动化测试工程师,北京,2018-04-28 18:06:22,19.0,24523,哗啦啦,北京多来点信息技术有限公司,500-2000人,西城区,本科,不需要融资,"移动互联网,O2O",116.35276,39.94140907,全职,1-3年
112,3097168,高级自动化测试,上海,2018-04-28 10:09:42,22.0,93141,融之家,上海融之家金融信息服务有限公司,150-500人,杨浦区,大专,B轮,"移动互联网,金融",121.5181,31.300344,全职,3-5年
113,4301100,自动化测试工程师,深圳,2018-04-28 09:08:54,12.0,27382,海豚村,深圳市海豚村信息技术有限公司,150-500人,南山区,本科,B轮,电子商务,113.943839,22.547619,全职,1-3年
114,4091695,自动化测试工程师,杭州,2018-04-12 08:59:58,19.0,26248,丁香园,观澜网络（杭州）有限公司,500-2000人,滨江区,不限,D轮及以上,"医疗健康,企业服务",0.0,0.0,全职,3-5年
115,4373123,自动化测试工程师,南京,2018-04-04 14:35:17,12.6,53992,苏宁易购,南京苏宁软件技术有限公司,2000人以上,玄武区,本科,上市公司,"O2O,移动互联网",0.0,0.0,全职,3-5年
116,4455670,阿里巴巴自动化测试,杭州,2018-04-27 14:18:29,16.4,16831,武汉佰钧成技术有限公司,武汉佰钧成技术有限责任公司,2000人以上,余杭区,大专,不需要融资,移动互联网,0.0,0.0,全职,3-5年
117,4468124,自动化测试工程师,北京,2018-04-26 20:56:25,19.0,3950,销售易,仁科互动（北京）信息科技有限公司,500-2000人,朝阳区,本科,D轮及以上,"移动互联网,数据服务",116.455605,39.924039,全职,3-5年
118,4069237,自动化测试J10858,北京,2018-04-03 15:26:02,16.0,82069,思源科技,北京思源置地投资有限公司,2000人以上,朝阳区,本科,不需要融资,"移动互联网,社交网络",115.99339,39.99426,全职,1-3年
119,3924820,自动化测试工程师,北京,2018-04-27 15:12:55,25.2,36162,作业盒子,北京作业盒子科技有限公司,500-2000人,朝阳区,本科,C轮,"移动互联网,教育",116.480284,39.996202,全职,3-5年
120,3220828,自动化测试工程师,北京,2018-04-26 10:36:29,21.0,88433,北京中铁信,北京中铁信科技有限公司,150-500人,海淀区,本科,不需要融资,其他,115.99339,39.99426,全职,3-5年
121,4288692,自动化测试工程师,北京,2018-04-26 18:53:37,24.0,28659,奥琦玮,奥琦玮信息科技（北京）有限公司,150-500人,朝阳区,本科,B轮,"移动互联网,O2O",116.393925,40.004041,全职,不限
122,3806886,自动化测试,杭州,2018-04-25 15:37:54,10.8,34842,臻善科技,浙江臻善科技有限公司,500-2000人,西湖区,本科,不需要融资,企业服务,120.12131,30.27888,全职,3-5年
123,4486012,自动化测试工程师助理（稳定高薪）,无锡,2018-04-29 14:36:00,4.8,233304,燃网络,南京网燃网络科技有限公司,少于15人,崇安区,大专,未融资,"移动互联网,游戏",120.307543,31.571228,全职,1年以下
124,4271861,自动化测试开发工程师,深圳,2018-04-26 14:50:02,24.0,44982,友金所,深圳前海用友力合金融服务有限公司,500-2000人,南山区,本科,不需要融资,金融,113.94727,22.5466,全职,5-10年
125,2221136,自动化测试工程师,上海,2018-04-25 12:00:10,10.8,30830,哔哩哔哩,上海幻电信息科技有限公司,2000人以上,浦东新区,本科,上市公司,"移动互联网,文化娱乐",121.52479993,31.2398197,全职,3-5年
126,4000247,自动化测试工程师,北京,2018-04-27 09:47:05,19.0,29337,和信贷,和信电子商务有限公司,150-500人,朝阳区,大专,上市公司,金融,116.47094,39.90763,全职,5-10年
127,4310297,自动化测试,上海,2018-04-26 09:53:39,14.4,22862,上海中软华腾软件系统有限公司,上海中软华腾软件系统有限公司,2000人以上,黄浦区,本科,上市公司,"企业服务,金融",121.477175,31.238463,全职,3-5年
128,4497980,中级自动化测试工程师,北京,2018-04-28 11:07:32,14.4,18291,爱康国宾集团,爱康网健康科技（北京）有限公司,150-500人,朝阳区,本科,上市公司,医疗健康,116.471093,39.90765,全职,3-5年
129,3932729,中级自动化测试工程师（厦门）,厦门,2018-04-28 09:13:52,14.0,64620,久趣英语,厦门千时科技有限公司,150-500人,思明区,本科,B轮,教育,118.185325,24.487476,全职,3-5年
130,3928841,自动化测试工程师,杭州,2018-04-20 09:31:54,14.0,211574,TELETRAAN,浙江天垂科技有限公司,15-50人,滨江区,本科,天使轮,"数据服务,企业服务",120.211816,30.20856,全职,3-5年
131,4162892,自动化测试工程师,北京,2018-04-16 09:06:37,12.0,31504,乐知行,北京讯飞乐知行软件有限公司,150-500人,海淀区,本科,未融资,教育,116.285175,40.044846,全职,1-3年
132,4434578,高级自动化测试工程师,厦门,2018-04-28 17:47:14,14.0,9251,美柚,厦门美柚信息科技有限公司,500-2000人,思明区,本科,D轮及以上,移动互联网,117.993493,23.994066,全职,3-5年
133,3580933,自动化测试工程师,北京,2018-04-28 14:47:12,21.0,67118,达闼科技,达闼科技（北京）有限公司,150-500人,朝阳区,本科,B轮,移动互联网,116.479397,39.995298,全职,3-5年
134,4150528,自动化测试工程师,杭州,2018-04-24 10:17:21,21.0,196355,脉道,西藏脉道网络科技股份有限公司,500-2000人,西湖区,本科,不需要融资,移动互联网,120.136834,30.273853,全职,3-5年
135,3844384,自动化测试工程师,北京,2018-04-24 09:35:30,15.2,28659,奥琦玮,奥琦玮信息科技（北京）有限公司,150-500人,朝阳区,本科,B轮,"移动互联网,O2O",115.99339,39.99426,全职,5-10年
136,4373776,中/高级自动化测试工程师,上海,2018-04-25 12:00:08,21.0,30830,哔哩哔哩,上海幻电信息科技有限公司,2000人以上,杨浦区,本科,上市公司,"移动互联网,文化娱乐",121.506437,31.308258,全职,3-5年
137,4080413,自动化测试,深圳,2018-04-28 15:31:38,14.0,55397,绿米,深圳绿米联创科技有限公司,150-500人,南山区,本科,B轮,硬件,0.0,0.0,全职,1-3年
138,2623163,高级自动化测试工程师,北京,2018-04-28 11:46:06,19.0,6996,智融集团,北京智融时代科技有限公司,150-500人,海淀区,本科,C轮,金融,116.344462,39.976877,全职,3-5年
139,4328618,自动化测试/Automation QA,西安,2018-04-28 10:45:27,10.6,308987,艾斯普,美奥多软件科技（西安）有限公司,150-500人,高新技术产业开发区,本科,不需要融资,移动互联网,108.841747,34.207933,全职,3-5年
140,4312526,自动化测试,上海,2018-04-28 09:19:12,9.4,337876,薇薇印刷,宁波薇薇珺晨广告设计有限公司,15-50人,浦东新区,本科,不需要融资,其他,,,全职,1-3年
141,3822709,自动化测试工程师,长沙,2018-04-26 11:39:18,14.0,26785,芒果tv,湖南快乐阳光互动娱乐传媒有限公司,500-2000人,开福区,本科,B轮,文化娱乐,112.993417,27.994254,全职,5-10年
142,4291576,自动化测试,上海,2018-04-25 09:47:59,14.0,341475,态特网络,上海态特网络科技有限公司,50-150人,静安区,本科,不需要融资,"电子商务,金融",121.442477,31.284734,全职,3-5年
143,3318001,资深自动化测试工程师,北京,2018-04-24 09:12:58,39.0,50702,美团点评,北京三快在线科技有限公司,2000人以上,朝阳区,本科,D轮及以上,"移动互联网,O2O",116.466554,39.995147,全职,3-5年
144,4318763,高级自动化测试工程师,北京,2018-04-23 15:01:38,19.0,226679,货圈全,炘宇（北京）科技有限公司,50-150人,朝阳区,本科,A轮,移动互联网,116.415977,40.032988,全职,5-10年
145,4407933,自动化测试工程师,上海,2018-04-28 18:19:06,19.0,47740,视+AR,视辰信息科技（上海）有限公司,50-150人,浦东新区,本科,B轮,"移动互联网,数据服务",121.598997,31.208792,全职,3-5年
146,3797513,高级自动化测试工程师,深圳,2018-04-28 17:09:56,14.0,66841,大辰,深圳市大辰科技有限公司,50-150人,南山区,本科,不需要融资,移动互联网,113.9422,22.54878,全职,3-5年
147,3114738,PHP web后台开发-自动化测试/代码重构方向,深圳,2018-04-28 10:28:57,15.2,16039,花果山,深圳花果山科技有限公司,150-500人,南山区,本科,B轮,电子商务,113.952696,22.530438,全职,1-3年
148,4406053,自动化测试工程师,上海,2018-04-27 17:27:25,14.0,142626,CLPS,上海华钦信息科技股份有限公司,500-2000人,浦东新区,本科,未融资,"数据服务,金融",121.586706,31.210889,全职,1-3年
149,4394764,c-自动化测试工程师,广州,2018-04-27 09:58:51,19.0,150030,北京瑞友,北京瑞友科技股份有限公司,2000人以上,天河区,本科,上市公司,"移动互联网,电子商务",113.37208,23.12342,全职,3-5年
150,4481336,高级自动化测试工程师,北京,2018-04-25 16:00:08,35.0,248005,红赢科技,北京红赢科技有限公司,50-150人,海淀区,本科,不需要融资,"移动互联网,金融",116.320755,39.976715,全职,5-10年
151,2124014,自动化测试,北京,2018-04-27 11:18:12,17.8,62831,明略数据,北京明略软件系统有限公司,150-500人,朝阳区,本科,C轮,数据服务,116.41208054,40.04674874,全职,5-10年
152,3955789,自动化测试专家,北京,2018-04-26 10:54:16,31.0,136978,玖富集团,玖富金科控股集团有限责任公司,2000人以上,朝阳区,本科,C轮,金融,116.481135,39.996731,全职,5-10年
153,4500740,自动化测试工程师,广州,2018-04-28 16:48:34,12.0,83683,睿家科技,北京睿家科技有限公司,15-50人,天河区,本科,A轮,O2O,113.314917,23.137728,全职,3-5年
154,2217949,自动化测试,上海,2018-04-27 14:29:47,9.4,15533,乐其网络,东莞市乐其网络科技有限公司,500-2000人,长宁区,本科,D轮及以上,电子商务,121.42572027,31.21928967,全职,1-3年
155,4489784,自动化测试专家,北京,2018-04-26 17:42:34,28.0,3450,北京捷越联合,北京捷越联合信息咨询有限公司,2000人以上,东城区,本科,不需要融资,金融,0.0,0.0,全职,5-10年
156,3420851,自动化测试工程师,北京,2018-04-26 15:29:24,17.0,7001,指掌易,北京指掌易科技有限公司,150-500人,海淀区,本科,B轮,移动互联网,39.897445,116.331398,全职,3-5年
157,3531371,高级自动化测试工程师,北京,2018-04-24 09:23:55,19.0,20917,君石控股,北京君石久正投资管理有限公司,150-500人,海淀区,本科,不需要融资,金融,116.313113,39.979474,全职,5-10年
158,4330580,自动化测试专家,上海,2018-04-11 11:23:15,24.0,291058,星合金融科技,上海无熵信息科技有限公司,50-150人,浦东新区,本科,不需要融资,"移动互联网,金融",0.0,0.0,全职,5-10年
159,4448528,自动化测试,北京,2018-04-19 11:49:21,12.0,43460,精英智通,北京精英智通科技股份有限公司,500-2000人,海淀区,大专,上市公司,移动互联网,116.341166,40.048298,全职,3-5年
160,4290345,自动化测试工程师（key）,上海,2018-04-28 09:11:37,31.0,16831,武汉佰钧成技术有限公司,武汉佰钧成技术有限责任公司,2000人以上,长宁区,本科,不需要融资,移动互联网,121.35433,31.220256,全职,5-10年
161,3773788,自动化测试工程师,深圳,2018-04-28 09:03:24,14.4,69152,博奥特科技,深圳市博奥特科技有限公司,150-500人,罗湖区,大专,未融资,"移动互联网,金融",114.105511,22.542334,全职,5-10年
162,4343517,自动化测试开发工程师,广州,2018-04-27 15:49:39,8.2,209072,德惟科技,广州德惟科技有限公司,150-500人,天河区,本科,不需要融资,"金融,移动互联网",113.374048,23.123238,全职,1-3年
163,2567581,高级自动化测试工程师,上海,2018-04-26 17:55:16,19.0,41194,泰为,泰为信息科技（上海）有限公司,150-500人,长宁区,本科,上市公司,移动互联网,121.39854,31.20641,全职,3-5年
164,3320672,高级自动化测试工程师,北京,2018-04-23 14:02:56,19.0,82069,思源科技,北京思源置地投资有限公司,2000人以上,朝阳区,本科,不需要融资,"移动互联网,社交网络",116.458141,39.996441,全职,3-5年
165,4207732,自动化测试工程师,北京,2018-04-28 09:50:18,14.0,53260,桔子分期,北京桔子分期电子商务有限公司,150-500人,朝阳区,本科,A轮,"电子商务,金融",116.434837,39.998879,全职,3-5年
166,4492210,自动化测试工程师,上海,2018-04-27 11:03:05,19.6,16831,武汉佰钧成技术有限公司,武汉佰钧成技术有限责任公司,2000人以上,长宁区,本科,不需要融资,移动互联网,121.354952,31.219288,全职,3-5年
167,3969045,资深测试工程师（自动化测试）,上海,2018-04-24 15:41:17,17.0,37850,GeexFinance,即科金融信息服务（上海）有限公司,150-500人,杨浦区,本科,A轮,金融,121.509865,31.30946,全职,3-5年
168,2097095,自动化测试工程师,天津,2018-04-19 16:14:58,12.0,31444,神州商龙,天津市神州商龙科技股份有限公司,150-500人,,本科,上市公司,"移动互联网,O2O",117.12259415,39.0907832,全职,3-5年
169,4467873,中级自动化测试工程师,成都,2018-04-28 16:23:01,10.4,310346,播了么,重庆新想乐文化传媒有限责任公司,500-2000人,高新区,本科,D轮及以上,"移动互联网,广告营销",104.066338,30.589196,全职,3-5年
170,2232993,数据和自动化测试工程师,深圳,2018-04-28 09:27:31,13.2,95529,云天励飞,深圳云天励飞技术有限公司,150-500人,福田区,本科,A轮,移动互联网,114.09440124,22.54068494,全职,3-5年
171,4392961,自动化测试工程师（杭州）,杭州,2018-04-28 09:14:21,14.0,143873,云徙科技,广州云徙科技有限公司,150-500人,滨江区,本科,A轮,"数据服务,移动互联网",120.220961,30.207822,全职,3-5年
172,4004530,资深自动化测试工程师,上海,2018-04-27 10:18:34,25.2,47993,鱼泡泡,上海鱼泡泡信息科技有限公司,150-500人,徐汇区,本科,B轮,生活服务,121.39779,31.16459,全职,3-5年
173,4133718,自动化测试工程师,深圳,2018-04-25 15:50:17,12.0,21666,维恩贝特,维恩贝特科技有限公司,500-2000人,南山区,本科,A轮,"电子商务,金融",113.884846,22.524049,全职,3-5年
174,4323433,自动化测试工程师,深圳,2018-04-28 09:03:16,15.2,69152,博奥特科技,深圳市博奥特科技有限公司,150-500人,南山区,大专,未融资,"移动互联网,金融",113.941779,22.519131,全职,3-5年
175,4159427,自动化测试开发工程师,北京,2018-04-27 09:32:54,21.0,56698,屏芯科技,北京屏芯科技有限公司,500-2000人,海淀区,本科,B轮,"移动互联网,电子商务",116.33030093,39.99313402,全职,3-5年
176,4394248,自动化测试,深圳,2018-04-26 11:07:19,20.8,123777,通力互联,北京通力互联技术服务有限公司,2000人以上,龙岗区,本科,不需要融资,"电子商务,企业服务",114.061997,22.663609,全职,5-10年
177,506611,自动化测试,上海,2018-04-28 19:32:34,14.0,57682,爱可生,上海爱可生信息技术股份有限公司,150-500人,徐汇区,本科,B轮,数据服务,,,全职,不限
178,3635310,自动化测试工程师,深圳,2018-04-28 17:16:23,12.0,128998,江苏亿科达,上海海万信息科技股份有限公司,500-2000人,福田区,本科,不需要融资,"移动互联网,金融",114.059297,22.568264,全职,3-5年
179,4467324,自动化测试工程师,深圳,2018-04-28 14:24:32,10.8,28420,赫美智科,深圳赫美智慧科技有限公司,500-2000人,福田区,大专,B轮,金融,114.026256,22.531594,全职,1-3年
180,4141353,中高级自动化测试工程师,武汉,2018-04-28 16:14:09,7.6,148027,悠然一指,武汉悠然一指网络有限公司,150-500人,东湖新技术开发区,大专,不需要融资,"移动互联网,社交网络",114.398481,30.506802,全职,3-5年
181,4474090,自动化测试工程师,成都,2018-04-24 16:01:56,12.0,29303,活跃网络,活跃网络（成都）有限公司,500-2000人,锦江区,本科,上市公司,移动互联网,103.99341,30.994233,全职,3-5年
182,3881045,自动化测试专家,广州,2018-04-28 23:56:59,15.2,7520,广东三维家信息科技有限公司,广东三维家信息科技有限公司,150-500人,天河区,本科,A轮,"移动互联网,硬件",113.414,23.170774,全职,3-5年
183,4473385,自动化测试工程师,上海,2018-04-28 13:16:44,17.6,367769,明思软件,明思（上海）软件技术有限公司,150-500人,静安区,本科,不需要融资,"移动互联网,数据服务",121.428711,31.228466,全职,5-10年
184,3752909,自动化测试工程师,广州,2018-04-23 10:47:56,10.8,128835,沐融科技,北京沐融信息科技有限公司,500-2000人,天河区,本科,C轮,"移动互联网,金融",113.361993,23.1318,全职,3-5年
185,3618729,自动化测试主管,深圳,2018-04-17 15:52:31,12.6,25317,金证股份,深圳市金证科技股份有限公司,2000人以上,南山区,本科,上市公司,金融,113.947453,22.534948,全职,3-5年
186,3441149,爱立信自动化测试工程师,上海,2018-04-10 11:44:40,17.0,16831,武汉佰钧成技术有限公司,武汉佰钧成技术有限责任公司,2000人以上,长宁区,本科,不需要融资,移动互联网,121.354703,31.219114,全职,5-10年
187,4344596,APP自动化测试,杭州,2018-03-30 13:55:52,14.4,56234,小泰科技,浙江小泰科技有限公司,150-500人,滨江区,大专,不需要融资,金融,120.19961,30.18808,全职,3-5年
188,2934972,自动化测试工程师,深圳,2018-04-27 10:38:18,14.4,142041,奇虎360金融,上海淇毓信息科技有限公司,500-2000人,福田区,本科,未融资,"移动互联网,金融",114.059772,22.572043,全职,3-5年
189,3204918,高级自动化测试,北京,2018-04-28 09:57:45,18.2,7094,The ONE,小叶子（北京）科技有限公司,150-500人,朝阳区,本科,C轮,"硬件,教育",116.469451,40.018758,全职,3-5年
190,3497568,高级自动化测试工程师,郑州,2018-04-18 11:02:57,9.6,80564,UU跑腿,郑州时空隧道信息技术有限公司,50-150人,金水区,大专,A轮,"移动互联网,O2O",113.730034,34.778295,全职,3-5年
191,4430517,自动化测试工程师,上海,2018-04-16 22:22:12,12.0,140029,维代电子,上海维代电子科技有限公司,15-50人,黄浦区,本科,未融资,"游戏,硬件",121.496072,31.227203,全职,1年以下
192,3998280,自动化测试开发工程师,广州,2018-04-28 12:33:32,14.0,212032,尚德机构,北京尚德在线教育科技有限公司,2000人以上,天河区,本科,上市公司,教育,113.376521,23.127218,全职,5-10年
193,3900418,自动化测试工程师,深圳,2018-04-26 13:23:13,9.8,74495,JETTECH,上海捷科智诚科技有限公司,500-2000人,南山区,本科,上市公司,"金融,其他",113.946832,22.544671,全职,不限
194,4373766,中/高级自动化测试工程师,上海,2018-04-25 12:00:09,21.0,30830,哔哩哔哩,上海幻电信息科技有限公司,2000人以上,杨浦区,本科,上市公司,"移动互联网,文化娱乐",121.506437,31.308258,全职,3-5年
195,3265656,爱立信自动化测试工程师,上海,2018-04-10 11:44:40,17.2,16831,武汉佰钧成技术有限公司,武汉佰钧成技术有限责任公司,2000人以上,长宁区,本科,不需要融资,移动互联网,121.354703,31.219114,全职,3-5年
196,3412237,资深自动化测试工程师,北京,2018-04-25 11:54:09,21.0,52261,mobike摩拜单车,北京摩拜科技有限公司,150-500人,朝阳区,本科,D轮及以上,移动互联网,116.467804,39.948564,全职,3-5年
197,3489802,自动化测试工程师,北京,2018-04-25 10:12:02,19.0,4188,INK 银客集团,银客未来科技（北京）有限公司,500-2000人,海淀区,本科,C轮,"移动互联网,金融",116.356033,40.046578,全职,3-5年
198,4374532,自动化测试,上海,2018-04-04 16:44:14,14.2,48410,热璞科技,上海热璞网络科技有限公司,50-150人,闵行区,本科,未融资,"企业服务,数据服务",121.376291,31.176439,全职,3-5年
199,4484316,高级自动化测试,深圳,2018-04-28 12:50:30,16.8,138746,嘉联支付,嘉联支付有限公司,500-2000人,南山区,本科,未融资,"金融,移动互联网",39.897445,116.331398,全职,5-10年
200,4324413,自动化测试工程师,杭州,2018-04-28 10:59:23,14.0,271720,杭州锐石网络科技有限公司,杭州锐石网络科技有限公司,15-50人,滨江区,大专,未融资,移动互联网,120.139088,30.186623,全职,3-5年
201,3819166,自动化测试工程师,深圳,2018-04-28 09:03:19,15.2,69152,博奥特科技,深圳市博奥特科技有限公司,150-500人,南山区,本科,未融资,"移动互联网,金融",114.06492,22.541437,全职,3-5年
202,4371552,自动化测试工程师,北京,2018-04-26 10:39:17,14.0,243191,北京上古未来科技有限公司,北京上古未来科技有限公司,50-150人,朝阳区,本科,不需要融资,"移动互联网,游戏",116.452722,39.932479,全职,3-5年
203,3366300,自动化测试开发工程师,广州,2018-04-28 15:21:56,21.0,212032,尚德机构,北京尚德在线教育科技有限公司,2000人以上,天河区,本科,上市公司,教育,113.376459,23.12754,全职,3-5年
204,2731119,自动化测试,深圳,2018-04-26 14:30:04,9.6,24574,赛意,广州赛意信息科技股份有限公司,2000人以上,龙华新区,大专,上市公司,"硬件,企业服务",114.06449,22.674036,全职,3-5年
205,4446294,自动化测试工程师,北京,2018-04-25 14:41:50,21.0,285419,动因体育,北京动因体育科技有限公司,2000人以上,朝阳区,本科,不需要融资,"文化娱乐,教育",116.492332,39.97626,全职,5-10年
206,2848263,自动化测试工程师,北京,2018-04-24 20:20:48,19.0,104715,信美相互,信美人寿相互保险社,150-500人,西城区,本科,不需要融资,"移动互联网,金融",115.99339,39.99426,全职,1-3年
207,3965352,自动化测试工程师,北京,2018-04-23 13:45:23,10.8,106789,合源科技,北京合源智慧科技发展有限公司,150-500人,朝阳区,大专,B轮,"移动互联网,数据服务",116.493446,39.975524,全职,3-5年
208,3186166,自动化测试工程师,广州,2018-04-11 14:00:58,12.4,149167,美云智数,深圳美云智数科技有限公司,500-2000人,番禺区,本科,不需要融资,"企业服务,数据服务",0.0,0.0,全职,3-5年
209,3932757,高级自动化测试工程师（厦门）,厦门,2018-04-28 09:13:53,24.0,64620,久趣英语,厦门千时科技有限公司,150-500人,思明区,本科,B轮,教育,118.185325,24.487476,全职,5-10年
210,3783903,测试工程师（自动化测试）,广州,2018-04-27 10:10:02,8.8,141525,LG电子上海研发,乐金电子研发中心（上海）有限公司,15-50人,天河区,大专,上市公司,其他,0.0,0.0,全职,1-3年
211,2556537,自动化测试工程师,上海,2018-04-20 10:04:46,17.0,56741,红星美凯龙互联网集团,红星美凯龙家居集团股份有限公司,2000人以上,,本科,上市公司,"移动互联网,O2O",121.38534,31.2374184,全职,1-3年
212,4128351,自动化测试J10946,成都,2018-04-16 09:14:44,12.0,7551,客如云,客如云科技（北京）股份有限公司,500-2000人,高新区,本科,C轮,"移动互联网,O2O",104.068359,30.538196,全职,3-5年
213,3929435,中高级自动化测试工程师,广州,2018-04-28 18:32:08,13.2,22862,上海中软华腾软件系统有限公司,上海中软华腾软件系统有限公司,2000人以上,天河区,本科,上市公司,"企业服务,金融",113.332464,23.134217,全职,3-5年
214,2512231,自动化测试顾问,深圳,2018-04-25 10:52:10,21.0,16831,武汉佰钧成技术有限公司,武汉佰钧成技术有限责任公司,2000人以上,龙岗区,大专,不需要融资,移动互联网,114.069975,22.659042,全职,5-10年
215,4001760,自动化测试工程师,北京,2018-04-09 15:49:42,12.6,163147,115科技,广东一一五科技股份有限公司,150-500人,海淀区,本科,B轮,移动互联网,116.299636,40.050801,全职,3-5年
216,4473995,自动化测试工程师,深圳,2018-04-26 17:49:24,9.6,254646,中电数通,中电数通科技有限公司,150-500人,南山区,本科,天使轮,"移动互联网,信息安全",114.11718,22.652657,全职,3-5年
217,4165563,资深自动化测试工程师,北京,2018-04-25 16:44:48,17.8,136978,玖富集团,玖富金科控股集团有限责任公司,2000人以上,朝阳区,本科,C轮,金融,116.48016,39.9969,全职,5-10年
218,4106956,自动化测试工程师,上海,2018-04-30 14:26:55,24.0,254725,达家迎,上海达家迎信息科技有限公司,150-500人,闵行区,本科,B轮,O2O,121.31151,31.19334,全职,3-5年
219,4104901,高级自动化测试工程师,北京,2018-04-28 13:32:34,28.0,248005,红赢科技,北京红赢科技有限公司,50-150人,海淀区,本科,不需要融资,"移动互联网,金融",116.298056,39.959912,全职,5-10年
220,4441484,证券-性能及自动化测试工程师,深圳,2018-04-24 19:32:54,14.0,25317,金证股份,深圳市金证科技股份有限公司,2000人以上,南山区,本科,上市公司,金融,113.993578,22.99368,全职,3-5年
221,4225128,自动化测试,北京,2018-04-08 11:58:25,14.0,41731,云智汇,北京云智汇科技有限公司,15-50人,朝阳区,本科,未融资,"移动互联网,教育",116.489401,39.97275,全职,3-5年
222,4380238,高级自动化测试工程师,福州,2018-04-08 11:20:31,14.4,173334,龙腾简合,福州龙腾简合网络技术有限公司,150-500人,台江区,本科,未融资,"游戏,移动互联网",119.278028,26.059516,全职,3-5年
223,4079433,自动化测试工程师,深圳,2018-04-23 15:28:02,14.0,65802,嘟嘟巴士,深圳市乐途宝网络科技有限公司,50-150人,南山区,本科,B轮,移动互联网,113.932749,22.541047,全职,5-10年
224,4227328,自动化测试工程师,上海,2018-04-27 16:27:53,15.2,301606,谷瑞特,大连谷瑞特科技有限公司,50-150人,长宁区,本科,不需要融资,移动互联网,121.354674,31.219097,全职,3-5年
225,2967907,高级自动化测试工程师,北京,2018-04-27 14:01:47,22.8,51649,掌众金服,北京掌众科技有限公司,500-2000人,海淀区,本科,B轮,"移动互联网,金融",116.348771,39.975851,全职,3-5年
226,4425740,自动化测试工程师,上海,2018-04-26 10:15:43,15.2,113416,V.Photos云摄影,唯存（上海）网络科技有限公司,150-500人,黄浦区,大专,A轮,移动互联网,121.49428,31.230333,全职,3-5年
227,4120984,自动化测试工程师（手工+自动化）,西安,2018-04-17 14:54:56,12.6,29303,活跃网络,活跃网络（成都）有限公司,500-2000人,高新技术产业开发区,本科,上市公司,移动互联网,0.0,0.0,全职,3-5年
228,3391333,软件自动化测试工程师,上海,2018-04-28 18:26:22,19.0,36009,途虎养车网,上海阑途信息技术有限公司,2000人以上,闵行区,本科,D轮及以上,移动互联网,121.398332,31.131918,全职,3-5年
229,3581720,自动化测试工程师-深圳-00498,深圳,2018-04-28 16:23:33,8.4,8332,任子行,任子行网络技术股份有限公司,500-2000人,南山区,本科,上市公司,移动互联网,113.907091,22.54964,全职,1-3年
230,4476488,自动化测试工程师,上海,2018-04-24 21:30:54,19.0,372333,融巧计算机,上海融巧计算机科技有限公司,少于15人,,本科,未融资,教育 不限,121.338442,31.112431,全职,5-10年
231,4322648,自动化测试工程师,北京,2018-04-19 14:30:38,25.2,309483,cobo wallet,上海福萝电子科技有限公司,15-50人,朝阳区,本科,A轮,移动互联网 信息安全,116.479874,39.987108,全职,3-5年
232,3798666,上海高级自动化测试工程师,上海,2018-04-10 11:44:40,22.8,16831,武汉佰钧成技术有限公司,武汉佰钧成技术有限责任公司,2000人以上,长宁区,本科,不需要融资,移动互联网,121.35433,31.220256,全职,5-10年
233,4467892,高级自动化测试工程师,成都,2018-04-28 16:23:01,14.0,310346,播了么,重庆新想乐文化传媒有限责任公司,500-2000人,高新区,本科,D轮及以上,"移动互联网,广告营销",104.066338,30.589196,全职,5-10年
234,654726,自动化测试工程师,北京,2018-04-24 17:04:30,17.0,15457,中青旅遨游网,中青旅控股股份有限公司,500-2000人,东城区,本科,上市公司,旅游,116.432478,39.937882,全职,3-5年
235,2186611,高级自动化测试工程师,北京,2018-04-24 13:37:29,19.0,70,宝宝树,宝宝树（北京）信息技术有限公司,500-2000人,朝阳区,不限,D轮及以上,社交网络,116.46251308,39.92809782,全职,3-5年
236,3861377,自动化测试工程师,北京,2018-04-09 15:49:43,11.2,163147,115科技,广东一一五科技股份有限公司,150-500人,海淀区,大专,B轮,移动互联网,116.300028,40.049517,全职,3-5年
237,3789364,高级QA/资深自动化测试,武汉,2018-04-07 11:30:27,20.8,7182,尚德机构,北京尚德在线教育科技有限公司,2000人以上,洪山区,本科,上市公司,教育,114.418082,30.466992,全职,5-10年
238,3926527,自动化测试工程师,广州,2018-04-26 14:33:23,13.2,174043,颉一软件,广州杰颉软件科技有限公司,15-50人,天河区,本科,A轮,"信息安全,数据服务",113.40631,23.150285,全职,3-5年
239,4434595,自动化测试专家,北京,2018-04-26 10:47:51,24.0,2422,凡普金科,凡普金科集团有限公司,2000人以上,东城区,本科,不需要融资,金融,116.433286,39.92048,全职,5-10年
240,3400830,高级自动化测试工程师,上海,2018-04-25 16:26:08,19.0,15281,上海晨之科,上海晨之科信息技术有限公司,150-500人,徐汇区,大专,C轮,"移动互联网,游戏",121.417459,31.175027,全职,3-5年
241,4293664,自动化测试工程师,北京,2018-04-17 15:57:05,21.0,1880,快手,北京达佳互联信息技术有限公司,500-2000人,海淀区,本科,D轮及以上,移动互联网,116.339107,39.998997,全职,3-5年
242,4207719,自动化测试工程师,北京,2018-04-28 09:50:22,14.0,53260,桔子分期,北京桔子分期电子商务有限公司,150-500人,朝阳区,本科,A轮,"电子商务,金融",116.434837,39.998879,全职,3-5年
243,4125781,初中高级自动化测试工程师,上海,2018-04-26 10:12:16,21.0,16831,武汉佰钧成技术有限公司,武汉佰钧成技术有限责任公司,2000人以上,长宁区,本科,不需要融资,移动互联网,121.354703,31.219114,全职,不限
244,3461579,自动化测试工程师,宁波,2018-04-17 17:09:34,10.8,15063,TCL通讯宁波,TCL通讯（宁波）有限公司,500-2000人,鄞州区,本科,不需要融资,移动互联网,121.63522,29.88221,全职,3-5年
245,4467857,初级自动化测试工程师,成都,2018-04-28 16:23:01,7.6,310346,播了么,重庆新想乐文化传媒有限责任公司,500-2000人,高新区,本科,D轮及以上,"移动互联网,广告营销",104.066338,30.589196,全职,1-3年
246,3994056,APP自动化测试工程师（最好有开发背景）,上海,2018-04-28 14:47:14,10.8,128998,江苏亿科达,上海海万信息科技股份有限公司,500-2000人,浦东新区,本科,不需要融资,"移动互联网,金融",0.0,0.0,全职,1-3年
247,4321462,自动化测试工程师,北京,2018-04-27 10:49:24,12.0,61844,国信优易,国信优易数据有限公司,150-500人,丰台区,本科,B轮,数据服务,116.288308,39.826493,全职,3-5年
248,3849782,自动化测试工程师,北京,2018-04-26 10:16:33,17.8,21474,必要商城,珠海随变科技有限公司,50-150人,朝阳区,大专,不需要融资,电子商务,115.99339,39.99426,全职,3-5年
249,4446471,自动化测试工程师,上海,2018-04-24 10:03:16,11.2,61907,YoMail,上海无距信息技术有限公司,15-50人,徐汇区,本科,不需要融资,社交网络,121.40391,31.164019,全职,1-3年
250,4296826,自动化测试工程师,上海,2018-04-27 08:54:46,16.8,4950,好买基金网（联想腾讯注资企业）,好买财富管理股份有限公司,500-2000人,虹口区,本科,C轮,"电子商务,金融",121.48048,31.26677,全职,3-5年
251,1894813,高级自动化测试开发工程师,杭州,2018-04-25 14:23:05,14.0,56234,小泰科技,浙江小泰科技有限公司,150-500人,滨江区,大专,不需要融资,金融,120.19961009,30.18807963,全职,3-5年
252,4092520,高级自动化测试工程师,北京,2018-04-25 09:37:44,19.0,73043,百融金服,百融（北京）金融信息服务股份有限公司,500-2000人,海淀区,本科,B轮,"金融,数据服务",115.99339,39.99426,全职,5-10年
253,4322166,自动化测试工程师,北京,2018-04-23 20:57:16,12.0,142592,Stratifyd,北京斯图飞腾科技有限公司,15-50人,朝阳区,本科,A轮,数据服务,116.451487,39.919755,全职,1-3年
254,4322807,高级自动化测试工程师,北京,2018-04-28 19:33:42,24.0,248005,红赢科技,北京红赢科技有限公司,50-150人,海淀区,本科,不需要融资,"移动互联网,金融",116.320755,39.976715,全职,5-10年
255,3716154,自动化测试,西安,2018-03-30 09:25:18,10.0,16831,武汉佰钧成技术有限公司,武汉佰钧成技术有限责任公司,2000人以上,高新技术产业开发区,本科,不需要融资,移动互联网,0.0,0.0,全职,3-5年
256,3855675,自动化测试工程师/专家,深圳,2018-04-19 09:26:16,35.0,19875,vivo,维沃移动通信有限公司,2000人以上,福田区,本科,未融资,移动互联网,114.060635,22.567334,全职,5-10年
257,176355,商业搜索广告-高级自动化测试工程师,北京,2018-04-28 10:39:29,24.0,1537,搜狗,北京搜狗科技发展有限公司,2000人以上,海淀区,本科,上市公司,"移动互联网,数据服务",116.332289,39.993798,全职,3-5年
258,3969710,自动化测试分析,深圳,2018-04-27 10:22:32,12.0,25317,金证股份,深圳市金证科技股份有限公司,2000人以上,南山区,本科,上市公司,金融,113.915214,22.523675,全职,3-5年
259,4429183,高级自动化测试工程师,北京,2018-04-26 15:58:20,26.0,262476,中化能源科技有限公司,中化石油有限公司,2000人以上,海淀区,本科,不需要融资,"移动互联网,电子商务",116.308811,39.983578,全职,5-10年
260,4369946,自动化测试工程师,北京,2018-04-09 10:26:42,16.8,101211,易美健,易思互动（北京）科技有限公司,50-150人,海淀区,本科,A轮,"金融,医疗健康",116.342273,39.965227,全职,3-5年
261,3314895,自动化测试工程师,北京,2018-04-03 10:35:48,10.2,150030,北京瑞友,北京瑞友科技股份有限公司,2000人以上,朝阳区,本科,上市公司,"移动互联网,电子商务",116.433666,39.923823,全职,1-3年
262,4354183,自动化测试工程师（APP方向）,上海,2018-04-28 17:14:09,20.8,23348,中通快递,上海中通吉网络技术有限公司,2000人以上,青浦区,大专,上市公司,电子商务,121.205232,31.227724,全职,3-5年
263,3204476,自动化测试实习生,北京,2018-04-28 09:57:45,4.2,7094,The ONE,小叶子（北京）科技有限公司,150-500人,朝阳区,本科,C轮,"硬件,教育",0.0,0.0,实习,应届毕业生
264,3725389,高级自动化测试工程师,上海,2018-04-27 16:19:35,15.2,76235,启赟金融,启赟金融服务信息（上海）有限公司,50-150人,浦东新区,大专,A轮,"移动互联网,金融",121.514782,31.232262,全职,3-5年
265,4151982,自动化测试工程师,上海,2018-04-10 18:16:31,17.0,19409,有孚网络,上海有孚网络股份有限公司,150-500人,杨浦区,本科,B轮,"移动互联网,数据服务",121.99341,30.994275,全职,3-5年
266,3819645,自动化测试工程师,深圳,2018-04-28 12:55:31,14.0,69152,博奥特科技,深圳市博奥特科技有限公司,150-500人,南山区,本科,未融资,"移动互联网,金融",113.930476,22.533013,全职,3-5年
267,4491700,自动化测试工程师（资深/专家）,北京,2018-04-27 10:23:27,26.0,3450,北京捷越联合,北京捷越联合信息咨询有限公司,2000人以上,朝阳区,本科,不需要融资,金融,0.0,0.0,全职,5-10年
268,4432138,自动化测试工程师,苏州,2018-04-17 10:53:27,6.8,116098,中科天启,苏州中科天启遥感科技有限公司,150-500人,高新区,本科,未融资,"数据服务,其他",120.432664,31.323332,全职,1-3年
269,3809999,自动化测试,南京,2018-04-17 09:39:09,12.0,153170,语诺诚,北京语诺诚科技有限公司,150-500人,建邺区,本科,不需要融资,"移动互联网,电子商务",118.731694,32.003552,全职,1-3年
270,3982236,APP自动化测试工程师,上海,2018-04-28 15:59:33,9.4,128998,江苏亿科达,上海海万信息科技股份有限公司,500-2000人,浦东新区,大专,不需要融资,"移动互联网,金融",121.5025,31.237015,全职,3-5年
271,4430294,自动化测试工程师,北京,2018-04-28 10:04:24,21.0,3328,好未来,北京世纪好未来教育科技有限公司,2000人以上,海淀区,本科,上市公司,"移动互联网,教育",116.313701,39.978427,全职,3-5年
272,4475591,自动化测试（高级及资深）,深圳,2018-04-27 16:06:49,14.4,4210,神州信息,神州数码信息服务股份有限公司,2000人以上,南山区,本科,上市公司,"移动互联网,企业服务",113.943551,22.548179,全职,5-10年
273,4481403,金证引擎-自动化测试工程师,深圳,2018-04-25 16:06:16,19.0,25317,金证股份,深圳市金证科技股份有限公司,2000人以上,南山区,本科,上市公司,金融,113.94759,22.535119,全职,3-5年
274,4418538,自动化测试工程师,北京,2018-04-25 12:21:38,14.0,355321,天工矩阵,北京天工矩阵信息技术有限公司,50-150人,大兴区,本科,A轮,"电子商务,企业服务",116.350816,39.762254,全职,3-5年
275,4273669,自动化测试开发工程师,北京,2018-04-23 15:47:29,11.2,78150,Chope,CHOPE GROUP LIMITED,150-500人,海淀区,本科,D轮及以上,"移动互联网,O2O",116.30191,40.054538,全职,3-5年
276,4103400,自动化测试开发,上海,2018-04-03 09:44:55,17.8,16831,武汉佰钧成技术有限公司,武汉佰钧成技术有限责任公司,2000人以上,长宁区,本科,不需要融资,移动互联网,,,全职,3-5年
277,3477616,高级自动化测试,上海,2018-04-27 10:04:38,17.0,131324,多赋信息,上海多赋信息科技有限公司,50-150人,浦东新区,本科,不需要融资,"移动互联网,硬件",121.671082,31.246746,全职,3-5年
278,4175207,自动化测试工程师,北京,2018-04-26 16:14:08,19.0,107408,AdMaster,精硕科技（北京）股份有限公司,500-2000人,海淀区,本科,不需要融资,数据服务,116.357186,40.042672,全职,3-5年
279,4459079,自动化测试工程师,深圳,2018-04-20 18:29:55,21.0,101,迅雷,深圳市迅雷网络技术有限公司,500-2000人,南山区,本科,上市公司,移动互联网,113.93851,22.54505,全职,3-5年
280,4025902,自动化测试工程师,厦门,2018-04-02 08:38:24,14.0,70447,厦门节点,厦门市节点科技集团有限公司,50-150人,思明区,硕士,不需要融资,"其他,企业服务",118.175239,24.485642,全职,3-5年
281,4432286,自动化测试工程师,北京,2018-04-17 11:02:43,17.0,143986,12家全国性股份制商业银行之一,恒丰银行股份有限公司,2000人以上,西城区,本科,不需要融资,金融,121.535827,31.23538,全职,3-5年
282,4224789,自动化测试工程师,南京,2018-04-28 09:36:02,14.0,47444,艾佳生活,江苏艾佳家居用品有限公司,150-500人,雨花台区,本科,A轮,电子商务,118.775444,31.974297,全职,3-5年
283,3360142,自动化测试专家,深圳,2018-04-03 15:55:34,21.2,6927,OPPO,广东欧珀移动通信有限公司,2000人以上,南山区,本科,不需要融资,移动互联网,113.94304363,22.51878473,全职,5-10年
284,3274050,高级自动化测试工程师,北京,2018-04-28 16:57:20,25.2,149208,田米科技,北京田米科技有限公司,2000人以上,海淀区,大专,D轮及以上,移动互联网,116.332861,40.040791,全职,不限
285,4475579,自动化测试（初中）,深圳,2018-04-27 16:06:46,9.0,4210,神州信息,神州数码信息服务股份有限公司,2000人以上,南山区,本科,上市公司,"移动互联网,企业服务",113.943551,22.548179,全职,1-3年
286,4373453,自动化测试工程师,北京,2018-04-14 17:36:38,15.4,148758,航天数据,北京航天数据股份有限公司,150-500人,海淀区,本科,不需要融资,"信息安全,数据服务",116.307495,39.983916,全职,3-5年
287,3744610,自动化测试工程师,上海,2018-04-27 10:56:38,26.0,16831,武汉佰钧成技术有限公司,武汉佰钧成技术有限责任公司,2000人以上,长宁区,本科,不需要融资,移动互联网,121.354952,31.219288,全职,5-10年
288,2662927,自动化测试工程师,上海,2018-04-17 17:49:25,21.0,85685,亚创,亚创（上海）工程技术有限公司,150-500人,徐汇区,本科,不需要融资,"企业服务,硬件",121.398301,31.171605,全职,1-3年
289,4446441,郑州自动化测试岗位,郑州,2018-04-28 14:56:46,11.2,280956,诺基亚华诺科技,湖南华诺科技有限公司,500-2000人,郑东新区,本科,不需要融资,"移动互联网,数据服务",0.0,0.0,全职,1-3年
290,4263552,高级自动化测试工程师,广州,2018-04-28 09:42:39,14.4,130202,贝聊,广州市贝聊信息科技有限公司,150-500人,天河区,本科,B轮,"移动互联网,教育",113.37336103,23.12153514,全职,3-5年
291,3856510,高级/资深自动化测试工程师,上海,2018-04-27 10:18:33,22.0,47993,鱼泡泡,上海鱼泡泡信息科技有限公司,150-500人,徐汇区,本科,B轮,生活服务,121.39779,31.16459,全职,3-5年
292,3185539,自动化测试工程师（驻马来西亚）,广州,2018-04-26 15:56:26,19.0,161601,宙讯达网络,深圳市宙讯达网络科技有限公司,50-150人,天河区,大专,不需要融资,移动互联网,113.324496,23.110965,全职,3-5年
293,4374626,自动化测试工程师,上海,2018-04-04 16:53:12,14.2,48410,热璞科技,上海热璞网络科技有限公司,50-150人,闵行区,本科,未融资,"企业服务,数据服务",121.376291,31.176439,全职,3-5年
294,3808393,自动化测试专家,深圳,2018-04-23 14:13:53,21.0,6927,OPPO,广东欧珀移动通信有限公司,2000人以上,南山区,本科,不需要融资,移动互联网,113.94304363,22.51878473,全职,不限
295,4420988,自动化测试开发工程师,郑州,2018-04-17 15:24:14,10.8,356859,精准软件,郑州精准软件科技有限公司,15-50人,郑东新区,本科,不需要融资,"移动互联网,数据服务",113.756238,34.780433,全职,3-5年
296,4362516,自动化测试工程师,北京,2018-04-10 09:20:28,17.0,24733,微网通联,北京微网通联股份有限公司,150-500人,海淀区,本科,不需要融资,"移动互联网,广告营销",116.282791,40.047314,全职,5-10年
297,3759102,自动化测试开发工程师,上海,2018-04-27 09:42:05,18.2,128830,CloudChef,上海骞云信息科技有限公司,50-150人,杨浦区,本科,B轮,"企业服务,数据服务",121.545889,31.276121,全职,3-5年
298,4498159,自动化测试（汇丰银行）,广州,2018-04-28 11:23:14,15.4,50241,Symbio-Freeborders,信必优(深圳)信息技术有限公司,2000人以上,天河区,本科,未融资,"移动互联网,电子商务",113.332464,23.134217,全职,5-10年
299,4496161,自动化测试工程师,深圳,2018-04-27 18:35:27,9.6,49185,蓝筹科技,深圳第一蓝筹科技有限公司,15-50人,南山区,本科,A轮,移动互联网,113.935496,22.557211,全职,3-5年
300,4248169,中高级自动化测试工程师,上海,2018-04-10 11:44:39,28.0,16831,武汉佰钧成技术有限公司,武汉佰钧成技术有限责任公司,2000人以上,长宁区,本科,不需要融资,移动互联网,121.412331,31.209185,全职,5-10年
301,4376924,自动化测试（手机）,惠州,2018-04-06 11:34:23,12.0,72408,上海网韬信息技术有限公司,上海网韬信息技术有限公司,50-150人,惠城区,本科,不需要融资,"移动互联网,企业服务",114.480737,22.992574,全职,5-10年
302,4388902,自动化测试,苏州,2018-04-09 14:42:41,9.2,119552,食行生鲜,苏州食行生鲜电子商务有限公司,500-2000人,高新区,本科,C轮,电子商务,120.993464,30.994061,全职,1-3年
303,3133537,高级自动化测试工程师(J10909),上海,2018-04-25 10:01:07,24.0,3112,沪江,沪江教育科技（上海）股份有限公司,500-2000人,浦东新区,本科,D轮及以上,"移动互联网,教育",121.603788,31.202542,全职,3-5年
304,4476847,自动化测试工程师,北京,2018-04-25 09:11:55,26.0,4802,广联达,广联达软件股份有限公司,2000人以上,海淀区,本科,上市公司,企业服务,0.0,0.0,全职,5-10年
305,4211816,自动化测试工程师,北京,2018-04-23 16:05:29,43.0,201747,百信银行,中信百信银行股份有限公司,150-500人,朝阳区,本科,不需要融资,"金融,移动互联网",0.0,0.0,全职,5-10年
306,4418064,自动化测试,上海,2018-04-27 10:09:32,12.6,365078,拓保软件,深圳市拓保软件有限公司上海分公司,500-2000人,浦东新区,大专,不需要融资,企业服务 数据服务,121.475719,31.23277,全职,3-5年
307,3903084,自动化测试开发工程师,深圳,2018-04-26 15:29:58,14.0,40459,商汤科技,北京市商汤科技开发有限公司,500-2000人,南山区,本科,B轮,移动互联网,113.920038,22.494927,全职,5-10年
308,3589491,中高级自动化测试工具开发,上海,2018-04-27 22:58:09,13.2,22862,上海中软华腾软件系统有限公司,上海中软华腾软件系统有限公司,2000人以上,浦东新区,本科,上市公司,"企业服务,金融",121.635159,31.222879,全职,3-5年
309,3870580,自动化测试工程师,成都,2018-04-04 09:00:07,14.0,284236,海德智和科技,四川海德智和科技有限公司,15-50人,锦江区,本科,不需要融资,移动互联网,104.088638,30.647956,全职,5-10年
310,3144801,自动化测试工程师,广州,2018-04-26 14:33:23,7.0,174043,颉一软件,广州杰颉软件科技有限公司,15-50人,天河区,大专,A轮,"信息安全,数据服务",113.40631,23.150285,全职,1-3年
311,4149727,自动化测试开发工程师,厦门,2018-04-25 14:05:54,14.0,9237,RingCentral厦门研发中心,厦门铃盛软件有限公司,500-2000人,思明区,不限,上市公司,"移动互联网,数据服务",0.0,0.0,全职,1-3年
312,2941323,资深自动化测试工程师,北京,2018-04-25 10:12:02,24.0,4188,INK 银客集团,银客未来科技（北京）有限公司,500-2000人,海淀区,本科,C轮,"移动互联网,金融",116.356033,40.046578,全职,5-10年
313,4156872,高级自动化测试工程师,深圳,2018-04-19 14:50:23,14.0,16609,EC,深圳市六度人和科技有限公司,150-500人,南山区,本科,C轮,"移动互联网,企业服务",113.956522,22.539099,全职,3-5年
314,3467556,自动化测试工程师,北京,2018-04-18 12:43:36,15.2,164574,央视国际视频通讯有限公司,央视国际视频通讯有限公司,150-500人,朝阳区,本科,不需要融资,文化娱乐,116.46374,39.915084,全职,3-5年
315,4385972,自动化测试,上海,2018-04-09 09:57:32,16.8,49500,创昱达,创昱达信息技术有限公司,150-500人,长宁区,本科,不需要融资,移动互联网,121.407744,31.20438,全职,3-5年
316,4372247,自动化测试工程师,北京,2018-04-04 12:01:00,15.2,220867,全悉科技,全悉科技（北京）有限公司,15-50人,海淀区,本科,天使轮,信息安全,0.0,0.0,全职,3-5年
317,2385656,自动化测试,深圳,2018-04-25 12:47:01,19.0,16831,武汉佰钧成技术有限公司,武汉佰钧成技术有限责任公司,2000人以上,宝安区,不限,不需要融资,移动互联网,114.057909,22.642235,全职,5-10年
318,4393440,自动化测试（支付宝项目）,杭州,2018-04-26 13:30:52,13.2,17693,神州数码通用软件,神州数码通用软件（北京）有限公司,500-2000人,西湖区,大专,不需要融资,企业服务,120.137878,30.253166,全职,3-5年
319,3885784,自动化测试工程师,上海,2018-04-11 15:03:11,21.0,143863,聚泛科技,上海聚泛信息科技有限公司,50-150人,徐汇区,本科,A轮,"金融,移动互联网",121.442914,31.172111,全职,3-5年
320,4448178,自动化测试工程师,北京,2018-04-19 11:26:55,14.0,43931,迅游科技,四川迅游网络科技股份有限公司北京分公司,150-500人,朝阳区,本科,上市公司,移动互联网,116.486118,40.000637,全职,1-3年
321,4070975,自动化测试工程师,北京,2018-04-09 11:44:23,12.0,59006,小存折,北京清果金融信息服务有限公司,15-50人,海淀区,大专,天使轮,金融,116.33063,39.99574,全职,3-5年
322,3350598,自动化测试工程师（深圳）,深圳,2018-04-26 17:22:19,21.0,24748,平安科技,平安科技（深圳）有限公司,2000人以上,福田区,本科,不需要融资,金融,114.055755,22.533344,全职,5-10年
323,4161679,测试工程师（自动化测试）,广州,2018-04-18 19:03:06,7.6,68025,广州思迈特,广州思迈特软件有限公司,150-500人,天河区,本科,不需要融资,"企业服务,数据服务",113.410609,23.172075,全职,1-3年
324,4270516,自动化测试工程师,北京,2018-04-12 13:54:28,14.0,67810,新浪时金,新浪时金（上海）信息技术有限公司,2000人以上,海淀区,本科,上市公司,金融,116.28288,40.047453,全职,3-5年
325,4380620,自动化测试工程师,北京,2018-04-08 11:46:13,14.0,357996,数建科技,杭州数建科技有限公司,15-50人,海淀区,本科,未融资,"企业服务,数据服务",116.306384,39.977364,全职,3-5年
326,3929407,中高级自动化测试工程师,西安,2018-04-28 18:32:05,12.2,22862,上海中软华腾软件系统有限公司,上海中软华腾软件系统有限公司,2000人以上,雁塔区,本科,上市公司,"企业服务,金融",108.838275,34.2085,全职,3-5年
327,3976821,移动端自动化测试开发,北京,2018-04-28 16:58:26,24.8,50702,美团点评,北京三快在线科技有限公司,2000人以上,朝阳区,本科,D轮及以上,"移动互联网,O2O",116.443108,39.92147,全职,不限
328,4125712,自动化测试工程师,上海,2018-04-09 11:26:10,22.0,78685,驿氪科技EZR,上海驿氪信息科技有限公司,50-150人,闵行区,本科,B轮,"移动互联网,生活服务",121.39381,31.18866,全职,5-10年
329,4354079,自动化测试实习生,上海,2018-04-19 09:27:45,3.4,272198,联众金融,上海曌扬汽车服务有限公司,500-2000人,浦东新区,本科,A轮,金融,121.515331,31.22761,实习,不限
330,4368916,自动化测试工程师,北京,2018-04-03 17:34:58,10.0,73523,创嘉,福建创意嘉和软件有限公司,150-500人,朝阳区,大专,B轮,游戏,116.308811,39.983578,全职,3-5年
331,4351513,自动化测试工程师,北京,2018-04-28 11:26:55,7.0,326997,大然航空,北京大然航空服务有限公司,50-150人,朝阳区,不限,不需要融资,旅游,116.492874,39.973926,全职,不限
332,3891784,APP自动化测试工程师（上海）,上海,2018-04-23 10:47:55,9.0,128835,沐融科技,北京沐融信息科技有限公司,500-2000人,普陀区,本科,C轮,"移动互联网,金融",121.383923,31.245538,全职,1-3年
333,3293410,自动化测试工程师,深圳,2018-04-26 10:13:02,17.0,210490,汇商通盈,深圳汇商通盈科技有限公司,15-50人,南山区,本科,A轮,移动互联网,113.952429,22.537847,全职,3-5年
334,4431786,平台自动化测试,北京,2018-04-25 11:13:20,24.0,1650,联想集团,联想（北京）有限公司,2000人以上,海淀区,本科,上市公司,"移动互联网,数据服务",116.273572,40.046061,全职,3-5年
335,4313645,自动化测试中高级人员,北京,2018-04-02 14:47:51,19.0,102234,创源微致,北京创源微致软件有限公司,150-500人,海淀区,本科,不需要融资,移动互联网,116.346845,40.033533,全职,3-5年
336,4492220,自动化测试工程师 (MJ000574),深圳,2018-04-28 11:17:37,14.0,44841,PPmoney互联网金融平台,万惠投资管理有限公司,500-2000人,南山区,不限,上市公司,金融,113.95432,22.535613,全职,不限
337,4349493,自动化测试工程师,北京,2018-03-30 09:38:06,17.0,311534,秋实基金,深圳秋实惠智基金销售有限公司,150-500人,朝阳区,本科,A轮,金融 O2O,0.0,0.0,全职,1-3年
338,4110301,高级自动化测试工程师（测试开发方向）,北京,2018-04-28 10:16:11,20.0,3326,everbridge,北京万桥达观信息技术有限公司,500-2000人,东城区,本科,上市公司,"电子商务,数据服务",115.99339,39.99426,全职,3-5年
339,4226954,软件自动化测试研发工程师,杭州,2018-04-27 02:44:55,14.0,335109,天纯软件,天纯软件（杭州）有限公司,少于15人,西湖区,本科,不需要融资,"移动互联网,医疗健康",120.133737,30.276755,全职,3-5年
340,2736835,自动化测试,北京,2018-04-23 18:24:46,25.2,167325,同创,北京鼎立同创网络科技有限公司,15-50人,朝阳区,本科,未融资,移动互联网,116.480792,39.996,全职,不限
341,4221827,自动化测试系统工程师,北京,2018-04-24 16:13:00,12.0,114603,中国信通院,中国信息通信研究院,2000人以上,海淀区,本科,不需要融资,"信息安全,移动互联网",39.897445,116.331398,全职,3-5年
342,4309992,自动化测试工程师,上海,2018-04-27 11:43:45,14.0,15257,美味不用等,美味不用等（上海）信息科技股份有限公司,500-2000人,浦东新区,本科,C轮,"移动互联网,O2O",121.5935,31.207614,全职,1-3年
343,238187,自动化测试工程师,杭州,2018-04-28 10:03:34,14.0,3770,in,杭州九言科技股份有限公司,150-500人,西湖区,本科,B轮,"广告营销,移动互联网",120.12500956,30.27303013,全职,3-5年
344,3863182,自动化测试工程师,成都,2018-04-04 09:00:20,17.0,284236,海德智和科技,四川海德智和科技有限公司,15-50人,锦江区,本科,不需要融资,移动互联网,104.088638,30.647956,全职,5-10年
345,3529817,自动化测试工程师,上海,2018-04-03 10:30:15,14.0,30830,哔哩哔哩,上海幻电信息科技有限公司,2000人以上,浦东新区,本科,上市公司,"移动互联网,文化娱乐",0.0,0.0,全职,1-3年
346,4280129,高级自动化测试工程师,杭州,2018-04-26 08:42:23,14.0,138865,衣科,杭州衣科信息技术有限公司,150-500人,滨江区,大专,不需要融资,"移动互联网,其他",120.216487,30.211519,全职,3-5年
347,4283553,自动化测试,上海,2018-04-28 11:37:26,16.0,143863,聚泛科技,上海聚泛信息科技有限公司,50-150人,徐汇区,本科,A轮,"金融,移动互联网",121.442914,31.172111,全职,1-3年
348,4457236,Web自动化测试工程师(J11129),成都,2018-04-28 10:49:55,9.6,7551,客如云,客如云科技（北京）股份有限公司,500-2000人,高新区,本科,C轮,"移动互联网,O2O",104.06847,30.54032,全职,3-5年
349,3618715,自动化测试工程师,深圳,2018-04-20 09:38:34,10.8,25317,金证股份,深圳市金证科技股份有限公司,2000人以上,南山区,本科,上市公司,金融,113.947453,22.534948,全职,1-3年
350,4250961,APP自动化测试工程师,广州,2018-04-27 11:26:12,14.0,217320,豆播,广州豆播信息科技有限公司,50-150人,天河区,大专,天使轮,"移动互联网,电子商务",113.321731,23.120154,全职,3-5年
351,4449994,自动化测试工程师,上海,2018-04-28 19:41:45,16.8,82677,云从科技,重庆中科云丛科技有限公司,150-500人,浦东新区,大专,A轮,"金融,信息安全",121.587891,31.190237,全职,3-5年
352,4384356,自动化测试工程师（云平台方向）,南京,2018-04-25 10:39:52,14.0,83580,地平线机器人,北京地平线信息技术有限公司,150-500人,栖霞区,不限,A轮,"移动互联网,硬件",118.878204,32.137577,全职,不限
353,4310291,自动化测试工程师,北京,2018-04-23 11:01:32,28.0,2422,凡普金科,凡普金科集团有限公司,2000人以上,东城区,本科,不需要融资,金融,116.433367,39.922635,全职,5-10年
354,3553449,接口自动化测试,深圳,2018-04-28 17:16:25,14.0,128998,江苏亿科达,上海海万信息科技股份有限公司,500-2000人,福田区,大专,不需要融资,"移动互联网,金融",114.053855,22.535702,全职,3-5年
355,3317463,自动化测试工程师,北京,2018-04-25 11:34:22,16.8,6678,人人贷,人人贷商务顾问（北京）有限公司,500-2000人,海淀区,本科,A轮,金融,116.330778,39.994714,全职,3-5年
356,4094983,自动化测试工程师,武汉,2018-04-25 10:48:41,10.8,83054,大件会,武汉大见时代网络科技有限公司,150-500人,武昌区,大专,A轮,"电子商务,生活服务",114.32052,30.522177,全职,3-5年
357,4475896,自动化测试,成都,2018-04-26 11:51:01,6.8,103756,四象联创,成都四象联创科技有限公司,50-150人,郫县,大专,未融资,"移动互联网,金融",103.974193,30.733985,全职,1-3年
358,4483053,自动化测试工程师,武汉,2018-04-25 18:19:23,10.8,39550,易途科技,北京易途科技有限公司,50-150人,江汉区,本科,天使轮,移动互联网,114.288978,30.567715,全职,3-5年
359,3113840,自动化测试开发,上海,2018-04-27 10:11:43,19.0,30843,ezbuy,前海煦逸信息技术（深圳）有限公司,500-2000人,浦东新区,本科,C轮,"电子商务,生活服务",121.629771,31.210218,全职,3-5年
360,4409205,自动化测试/工具框架和脚本开发工程师,南京,2018-04-12 11:02:56,10.8,316687,zteclaa,中兴克拉科技（苏州）有限公司,50-150人,雨花台区,本科,未融资,移动互联网 数据服务,118.787669,31.975599,全职,3-5年
361,4395230,高级自动化测试工程师（英语）,大连,2018-04-10 12:30:51,12.6,142626,CLPS,上海华钦信息科技股份有限公司,500-2000人,高新园区,本科,未融资,"数据服务,金融",121.511293,38.847343,全职,3-5年
362,4122006,自动化测试工程师,天津,2018-04-11 18:07:28,17.0,38368,北京盛安德,北京盛安德科技发展有限公司,150-500人,河西区,本科,不需要融资,"移动互联网,企业服务",117.217687,39.112902,全职,5-10年
363,4427964,高级自动化测试工程师,上海,2018-04-28 10:10:59,28.0,9343,百姓网,百姓网股份有限公司,500-2000人,徐汇区,本科,上市公司,移动互联网,120.993464,30.994061,全职,5-10年
364,4480281,便利蜂-自动化测试工程师,北京,2018-04-25 14:39:39,21.0,175557,便利蜂,便利蜂商贸有限公司,2000人以上,朝阳区,本科,不需要融资,"移动互联网,生活服务",116.49388,39.978087,全职,1年以下
365,3740707,自动化测试工程师,北京,2018-04-08 16:22:21,11.2,59987,北京润和,北京润和汇智信息技术有限公司,50-150人,朝阳区,本科,上市公司,移动互联网,116.481049,39.996796,全职,1-3年
366,4171150,功能、接口、自动化测试工程师,北京,2018-04-28 09:11:29,24.0,3328,好未来,北京世纪好未来教育科技有限公司,2000人以上,海淀区,本科,上市公司,"移动互联网,教育",0.0,0.0,全职,3-5年
367,4188392,自动化测试工程师,北京,2018-04-26 20:01:07,14.0,96115,大账房,北京大账房信息技术有限公司,150-500人,海淀区,本科,上市公司,"移动互联网,数据服务",116.300657,39.968897,全职,3-5年
368,4411644,软件自动化测试工程师,广州,2018-04-25 16:07:47,12.0,333986,佛山市宝诗龙精密五金有限公司,佛山市宝诗龙精密五金有限公司,500-2000人,天河区,本科,上市公司,移动互联网,113.350951,23.118877,全职,1-3年
369,3003282,自动化测试工程师,上海,2018-04-25 18:18:24,12.0,22726,金银猫,上海金银猫金融服务有限公司,150-500人,浦东新区,本科,B轮,金融,121.5319,31.21733,全职,3-5年
370,4134881,自动化测试工程师,上海,2018-04-27 09:27:00,15.2,139645,河姆渡电子商务有限公司,上海河姆渡实业发展有限公司,500-2000人,浦东新区,本科,A轮,电子商务,121.54986,31.2026,全职,1-3年
371,4467848,自动化测试,深圳,2018-04-23 17:48:20,8.8,168557,YIDATEC,亿达信息技术（深圳）有限公司,2000人以上,南山区,大专,不需要融资,"移动互联网,游戏",113.94679,22.556374,全职,3-5年
372,3035508,自动化测试工程师,上海,2018-04-25 11:19:26,17.0,96590,华夏信财,华夏信财互联网金融信息服务（上海）有限公司,2000人以上,黄浦区,本科,A轮,"移动互联网,金融",120.993464,30.994061,全职,5-10年
373,4369886,自动化测试工程师,北京,2018-04-03 20:00:24,25.2,18139,京东集团,北京京东世纪贸易有限公司,2000人以上,朝阳区,本科,上市公司,"电子商务,数据服务",116.387477,40.000236,全职,5-10年
374,2307547,自动化测试,杭州,2018-04-18 11:43:02,14.0,50354,百世物流,浙江百世技术有限公司,2000人以上,西湖区,本科,D轮及以上,"移动互联网,O2O",120.12211042,30.27455008,全职,3-5年
375,4122002,自动化测试工程师,北京,2018-04-11 18:07:27,22.0,38368,北京盛安德,北京盛安德科技发展有限公司,150-500人,西城区,本科,不需要融资,"移动互联网,企业服务",116.3743,39.95627,全职,5-10年
376,4143383,自动化测试开发工程师,深圳,2018-04-24 10:40:31,13.2,45943,信锐技术,深圳市信锐网科技术有限公司,500-2000人,南山区,本科,不需要融资,移动互联网,114.002362,22.591866,全职,1-3年
377,3260165,自动化测试工程师,上海,2018-04-04 15:24:04,14.0,113723,上海拿米金服,上海拿米金融信息服务有限公司,150-500人,徐汇区,大专,不需要融资,"移动互联网,金融",121.410559,31.171432,全职,3-5年
378,4304964,自动化测试工程师,武汉,2018-04-23 16:20:55,8.4,53438,白虹软件,武汉白虹软件科技有限公司,150-500人,洪山区,本科,上市公司,"移动互联网,信息安全",0.0,0.0,全职,3-5年
379,1509975,自动化测试,深圳,2018-04-27 10:10:39,14.0,35996,顺丰科技有限公司,顺丰科技有限公司,500-2000人,南山区,本科,不需要融资,"移动互联网,电子商务",113.937987,22.523392,全职,5-10年
380,4340823,自动化测试,成都,2018-04-23 13:40:34,7.0,89918,Symphony Teleca,哈曼智联科技（成都）有限公司,2000人以上,高新区,本科,不需要融资,"移动互联网,其他",104.071259,30.546143,全职,3-5年
381,4394846,自动化测试工程师,北京,2018-04-26 19:05:59,14.0,37949,小牛电动车,北京牛电科技有限责任公司,150-500人,朝阳区,本科,A轮,"电子商务,硬件",116.483553,39.991794,全职,3-5年
382,3654785,自动化测试,北京,2018-04-23 12:00:51,26.0,72106,蛋壳公寓,紫梧桐（北京）资产管理有限公司,2000人以上,东城区,本科,B轮,O2O,116.430795,39.923886,全职,5-10年
383,4463478,自动化测试工程师,重庆,2018-04-23 11:23:17,8.2,364942,云南航天工程物探检测股份有限公司,云南航天工程物探检测股份有限公司,150-500人,渝北区,本科,上市公司,"企业服务,信息安全",106.502662,29.61598,全职,3-5年
384,4334172,自动化测试,上海,2018-04-25 14:07:04,18.2,160671,千匠网络,上海千匠网络科技有限公司,150-500人,徐汇区,大专,未融资,"电子商务,移动互联网",0.0,0.0,全职,3-5年
385,4320089,自动化测试工程师,重庆,2018-04-28 11:59:48,10.0,140307,晓道科技,重庆晓道信息科技有限公司,150-500人,渝中区,本科,不需要融资,电子商务,106.993928,29.993808,全职,3-5年
386,3185543,自动化测试工程师（驻马来西亚吉隆坡）,深圳,2018-04-26 15:56:26,19.0,161601,宙讯达网络,深圳市宙讯达网络科技有限公司,50-150人,南山区,大专,不需要融资,移动互联网,114.04849,22.51936,全职,3-5年
387,1809386,自动化测试,杭州,2018-04-23 09:30:33,14.0,50796,北京大成元方信息科技有限公司,北京大成元方信息科技有限公司,50-150人,西湖区,本科,未融资,移动互联网,120.12728015,30.27683991,全职,3-5年
388,4231274,自动化测试,成都,2018-04-18 17:53:53,8.2,337198,成都宏盛,成都宏盛天下科技有限公司,500-2000人,郫县,本科,不需要融资,电子商务,103.968024,30.734205,全职,1-3年
389,4365894,自动化测试工程师,北京,2018-04-19 17:06:49,16.8,101211,易美健,易思互动（北京）科技有限公司,50-150人,海淀区,本科,A轮,"金融,医疗健康",116.341865,39.966298,全职,1-3年
390,1898301,自动化测试,北京,2018-04-18 17:14:40,9.0,82689,PICA8,北京品科技术有限公司,50-150人,海淀区,本科,C轮,"移动互联网,数据服务",116.33226099,39.98070807,全职,应届毕业生
391,4088466,自动化测试工程师（西安 APP）,西安,2018-04-28 19:04:56,12.0,183990,u,海尔优家智能科技（北京）有限公司,150-500人,高新技术产业开发区,本科,未融资,其他,108.871506,34.1905,全职,3-5年
392,3175548,自动化测试工程师,长沙,2018-04-25 18:22:12,11.4,6628,益丰大药房,益丰大药房连锁股份有限公司,2000人以上,岳麓区,本科,上市公司,"电子商务,医疗健康",112.993417,27.994254,全职,3-5年
393,4170071,自动化测试工程师,北京,2018-04-28 15:54:42,10.8,156182,瞻世趣,瞻世趣科技发展（北京）有限公司,50-150人,丰台区,大专,未融资,"移动互联网,电子商务",116.286071,39.832633,全职,1-3年
394,4482368,自动化测试工程师,北京,2018-04-25 17:18:28,27.2,2422,凡普金科,凡普金科集团有限公司,2000人以上,东城区,本科,不需要融资,金融,116.433221,39.920718,全职,3-5年
395,4067854,自动化测试,上海,2018-03-30 09:28:13,7.6,200108,中科航天,中科航天（北京）科技有限公司,50-150人,黄浦区,大专,未融资,"移动互联网,教育",121.470456,31.206254,全职,1-3年
396,4064884,自动化测试工程师,上海,2018-04-26 13:50:32,33.0,25419,广发证券,广发证券股份有限公司,2000人以上,浦东新区,本科,上市公司,金融,121.524406,31.228903,全职,3-5年
397,4090051,自动化测试工程师,上海,2018-04-10 10:23:53,15.2,113723,上海拿米金服,上海拿米金融信息服务有限公司,150-500人,徐汇区,大专,不需要融资,"移动互联网,金融",121.41045,31.17033,全职,3-5年
398,3639370,自动化测试工程师,深圳,2018-04-28 10:05:50,10.8,94153,海云天科技,深圳市海云天科技股份有限公司,500-2000人,南山区,本科,上市公司,"移动互联网,教育",113.94943201,22.550123,全职,3-5年
399,4317291,自动化测试工程师,北京,2018-04-24 11:20:57,19.0,48133,福佑卡车,北京福佑在线信息技术有限公司,150-500人,海淀区,本科,C轮,O2O,116.320763,39.97655,全职,3-5年
400,4410189,自动化测试,北京,2018-04-27 10:15:03,10.8,304477,捷程易信,捷程易信（北京）信息技术有限公司,50-150人,海淀区,大专,不需要融资,移动互联网,0.0,0.0,全职,1-3年
401,3772903,自动化测试工程师（龙珠直播）,上海,2018-04-23 17:22:40,16.4,17291,PPTV聚力,上海聚力传媒技术有限公司,500-2000人,浦东新区,本科,D轮及以上,文化娱乐,121.531728,31.216657,全职,3-5年
402,4119303,自动化测试工程师,武汉,2018-04-24 09:24:12,3.8,227155,中电九天智能科技有限公司,中电九天智能科技有限公司,50-150人,武昌区,本科,未融资,其他,114.331489,30.536697,全职,不限
403,4402466,自动化测试工程师,广州,2018-04-27 09:31:17,19.0,343752,智蓝信息科技,江苏智蓝信息科技有限公司,150-500人,天河区,本科,未融资,"移动互联网,数据服务",113.371102,23.124512,全职,3-5年
404,2376465,自动化测试,成都,2018-04-24 10:05:55,11.2,13751,Zara,飒拉商业（上海）有限公司,2000人以上,武侯区,本科,上市公司,生活服务,104.08127,30.656768,全职,1-3年
405,4311070,自动化测试工程师,上海,2018-04-24 09:16:35,19.0,284825,小黑鱼,小黑鱼科技有限公司,150-500人,浦东新区,本科,A轮,"移动互联网,金融",,,全职,3-5年
406,4403512,高级硬件自动化测试工程师,深圳,2018-04-18 18:31:51,15.2,216662,SENSORO,北京升哲科技有限公司,50-150人,南山区,本科,B轮,"移动互联网,硬件",113.926001,22.53296,全职,3-5年
407,2988764,自动化测试工程师,成都,2018-04-27 10:25:37,7.0,111616,成都炎龙,成都炎龙科技有限公司,150-500人,锦江区,大专,上市公司,"移动互联网,游戏",104.068819,30.64876,全职,1-3年
408,3113295,自动化测试工程师,上海,2018-04-26 15:07:57,14.4,6636,携程,携程计算机技术（上海）有限公司,2000人以上,长宁区,本科,上市公司,"移动互联网,旅游",121.35631021,31.22061947,全职,3-5年
409,4115863,自动化测试人,深圳,2018-04-23 16:34:24,10.8,70667,比茨信息,大连比茨信息技术有限公司,150-500人,南山区,大专,未融资,招聘,113.948041,22.53842,全职,1-3年
410,4396043,自动化测试,西安,2018-04-16 10:29:52,10.0,139096,政大教育,北京政大教育科技有限公司,15-50人,碑林区,大专,未融资,教育,108.890044,34.236466,全职,3-5年
411,4109153,自动化测试工程师,成都,2018-04-28 09:43:50,9.6,67390,订货宝,成都阿商信息技术有限公司,50-150人,高新区,本科,B轮,电子商务,104.06540042,30.53656953,全职,3-5年
412,4339474,功能自动化测试,广州,2018-04-28 18:40:12,13.2,309028,小树科技,广州小树网络科技有限公司,50-150人,天河区,大专,不需要融资,"移动互联网,数据服务",113.356072,23.16205,全职,1-3年
413,4064799,自动化测试工程师,广州,2018-04-26 13:50:33,33.0,25419,广发证券,广发证券股份有限公司,2000人以上,天河区,本科,上市公司,金融,113.342831,23.118145,全职,3-5年
414,4361928,自动化测试工程师,成都,2018-04-02 17:13:47,9.6,7334,1919酒类直供,壹玖壹玖酒类平台科技股份有限公司,2000人以上,武侯区,本科,上市公司,O2O,104.064703,30.567031,全职,3-5年
415,4212265,自动化测试工程师,西安,2018-04-25 16:46:10,5.6,210669,盛安德西安第一分公司,北京盛安德科技发展有限公司西安第一分公司,15-50人,高新技术产业开发区,不限,未融资,"移动互联网,企业服务",,,全职,不限
416,4372502,自动化测试,深圳,2018-04-04 13:16:38,10.4,296391,汇合,深圳市汇合发展有限公司,2000人以上,南山区,本科,不需要融资,企业服务、招聘,113.932899,22.542186,全职,1-3年
417,3458641,软件自动化测试工程师,上海,2018-04-28 14:01:41,16.0,103736,享骑出行,上海享骑电动车服务有限公司,150-500人,闵行区,大专,未融资,"移动互联网,电子商务",121.361819,31.136124,全职,5-10年
418,4496026,自动化测试全职讲师,深圳,2018-04-27 18:14:27,19.0,375194,三只啄木鸟,深圳市三只啄木鸟信息技术有限公司,15-50人,宝安区,大专,不需要融资,"移动互联网,教育",113.870182,22.57102,全职,3-5年
419,4319643,自动化测试工程师,深圳,2018-04-25 09:55:17,12.8,73980,银信科技,北京银信长远科技股份有限公司,500-2000人,南山区,本科,上市公司,"移动互联网,硬件",113.933501,22.541043,全职,3-5年
420,2924462,移动端自动化测试开发工程师,深圳,2018-04-03 15:17:51,14.4,136714,Anker,安克创新科技股份有限公司,500-2000人,南山区,本科,不需要融资,移动互联网,113.953402,22.568938,全职,3-5年
421,3369291,高级自动化测试工程师,广州,2018-04-25 10:02:05,16.8,231546,极点三维,中山市极点三维电子科技有限公司广州分公司,50-150人,天河区,本科,未融资,"移动互联网,其他",113.327026,23.13217,全职,5-10年
422,4070103,自动化测试工程师,深圳,2018-04-27 14:33:40,21.0,35996,顺丰科技有限公司,顺丰科技有限公司,500-2000人,南山区,本科,不需要融资,"移动互联网,电子商务",113.937987,22.523392,全职,3-5年
423,4477847,YF401自动化测试工程师,北京,2018-04-25 10:33:02,17.0,205713,数美科技,杭州数美科技有限公司,150-500人,朝阳区,大专,天使轮,"数据服务,企业服务",0.0,0.0,全职,3-5年
424,4130506,自动化测试工程师,北京,2018-04-13 17:51:00,12.0,86110,首汽约车,首约科技（北京）有限公司,2000人以上,东城区,本科,B轮,"移动互联网,O2O",0.0,0.0,全职,3-5年
425,3562329,自动化测试工程师,上海,2018-04-26 09:24:33,14.0,35179,东方财富,东方财富信息股份有限公司,2000人以上,徐汇区,本科,上市公司,金融,0.0,0.0,全职,1-3年
426,4466093,自动化测试工程师,上海,2018-04-23 15:40:21,19.0,312262,迪拍科技,迪拍（上海）信息科技有限公司,50-150人,静安区,本科,未融资,移动互联网,121.428328,31.22863,全职,3-5年
427,4176431,自动化测试工程师,深圳,2018-04-20 14:27:25,14.4,64077,华海乐盈,深圳华海乐盈网络科技集团有限公司,500-2000人,南山区,本科,不需要融资,移动互联网,113.94672,22.54406,全职,5-10年
428,4011643,自动化测试经理,武汉,2018-04-08 11:32:27,10.8,38784,上海其易信息科技有限公司武汉分公司,上海其易信息科技有限公司武汉分公司,50-150人,东湖新技术开发区,本科,不需要融资,数据服务,114.421696,30.48051,全职,5-10年
429,4142886,自动化测试工程师,北京,2018-04-08 09:34:24,14.0,4368,91科技集团,九一金融信息服务（北京）有限公司,150-500人,西城区,本科,C轮,金融,0.0,0.0,全职,1-3年
430,4484156,自动化测试工程师（银行系统）,上海,2018-04-26 09:33:25,11.6,371656,爱元通,上海爱元通科技有限公司,150-500人,浦东新区,本科,未融资,"移动互联网,金融",121.558816,31.236982,全职,1-3年
431,3872563,APP自动化测试工程师,上海,2018-04-25 10:28:36,26.0,189022,微创,上海微创软件股份有限公司北京分公司,2000人以上,虹口区,本科,上市公司,"移动互联网,电子商务",0.0,0.0,全职,5-10年
432,4196910,自动化测试工程师,武汉,2018-04-23 09:02:35,8.4,54450,星云海数字科技,星云海数字科技股份有限公司,2000人以上,汉阳区,大专,不需要融资,电子商务,114.204257,30.547894,全职,3-5年
433,4250270,自动化测试工程师,成都,2018-04-16 18:18:10,6.6,147865,德鲁伊科技,成都德鲁伊科技有限公司,15-50人,高新区,本科,天使轮,"数据服务,其他",0.0,0.0,全职,3-5年
434,4338558,自动化测试开发,广州,2018-04-20 10:44:19,6.8,64688,易热捷,广州易热捷信息技术有限公司,50-150人,天河区,本科,不需要融资,"移动互联网,金融",113.320868,23.139189,全职,1年以下
435,4080004,自动化测试工程师J10074,北京,2018-04-25 19:13:24,24.0,165980,包银消费金融,包头市包银消费金融股份有限公司,150-500人,朝阳区,本科,不需要融资,"移动互联网,金融",116.418003,39.989574,全职,3-5年
436,3654540,自动化测试工程师,深圳,2018-04-23 14:36:05,10.8,31505,轻松行,深圳市轻松行商旅网有限公司,50-150人,福田区,本科,A轮,"移动互联网,电子商务",114.031537,22.534054,全职,3-5年
437,3706108,自动化测试工程师,北京,2018-04-17 15:38:30,21.0,45131,中国电信云计算公司,中国电信股份有限公司云计算分公司,500-2000人,海淀区,本科,上市公司,数据服务,116.223084,39.956607,全职,不限
438,4290257,自动化测试工程师,深圳,2018-04-26 17:49:10,15.2,6636,携程,携程计算机技术（上海）有限公司,2000人以上,南山区,本科,上市公司,"移动互联网,旅游",113.936046,22.524411,全职,3-5年
439,4349119,自动化测试工程师,深圳,2018-04-16 10:05:23,21.0,451,腾讯,腾讯科技(深圳)有限公司,2000人以上,南山区,本科,上市公司,"移动互联网 ,游戏",113.952731,22.535766,全职,3-5年
440,4311641,自动化测试工程师,广州,2018-04-19 11:01:31,12.6,225508,新心金融,深圳前海新心金融管理有限公司,150-500人,天河区,本科,天使轮,金融,113.327051,23.118046,全职,不限
441,4383064,自动化测试工程师,上海,2018-04-08 16:15:55,19.0,67010,雪橙金服,上海雪橙资产管理有限公司深圳车公庙分公司,150-500人,浦东新区,大专,天使轮,金融,121.531271,31.223139,全职,3-5年
442,3467630,自动化测试工程师,北京,2018-04-18 12:43:37,15.2,164574,央视国际视频通讯有限公司,央视国际视频通讯有限公司,150-500人,朝阳区,本科,不需要融资,文化娱乐,116.46374,39.915084,全职,3-5年
443,4155137,自动化测试工程师,上海,2018-04-09 15:20:40,20.6,156662,天宝集团,天寶集團控股有限公司,2000人以上,闵行区,大专,上市公司,"移动互联网,社交网络",121.384772,31.166542,全职,3-5年
444,4365098,自动化测试工程师,重庆,2018-04-03 11:10:44,5.6,258050,中迪医疗,重庆市中迪医疗信息科技股份有限公司,150-500人,巴南区,大专,上市公司,医疗健康,106.515623,29.365272,全职,1-3年
445,3829839,测试工程师（自动化测试方向）,上海,2018-04-26 17:56:05,13.2,54393,东航电商公司,东方航空电子商务有限公司,2000人以上,闵行区,本科,不需要融资,"移动互联网,电子商务",121.327992,31.18888,全职,3-5年
446,4445292,自动化测试工程师,北京,2018-04-18 18:29:02,14.0,113884,天学网,北京天学网教育科技股份有限公司,500-2000人,海淀区,本科,上市公司,移动互联网,116.30803,39.96658,全职,3-5年
447,3803441,测试开发工程师（自动化测试）,杭州,2018-04-18 11:43:04,17.8,50354,百世物流,浙江百世技术有限公司,2000人以上,西湖区,本科,D轮及以上,"移动互联网,O2O",120.12211,30.27455,全职,3-5年
448,4410728,自动化测试开发工程师,深圳,2018-04-27 09:10:43,14.2,352855,新世纪科技,深圳市新世纪智能安防科技有限公司,50-150人,龙华新区,大专,不需要融资,"移动互联网,企业服务",114.011392,22.639645,全职,1-3年
449,4090342,自动化测试工程师,上海,2018-04-08 19:11:37,15.2,113723,上海拿米金服,上海拿米金融信息服务有限公司,150-500人,徐汇区,大专,不需要融资,"移动互联网,金融",121.410559,31.171432,全职,3-5年
450,3680208,高级自动化测试工程师,深圳,2018-04-23 14:36:05,10.8,31505,轻松行,深圳市轻松行商旅网有限公司,50-150人,福田区,本科,A轮,"移动互联网,电子商务",114.031537,22.534054,全职,3-5年
451,3816498,自动化测试开发工程师,北京,2018-04-25 15:36:14,7.2,112030,翼辉信息,北京翼辉信息技术有限公司,50-150人,海淀区,本科,A轮,移动互联网,116.158791,40.065262,全职,不限
452,4496076,自动化测试讲师,深圳,2018-04-27 18:20:59,7.6,375194,三只啄木鸟,深圳市三只啄木鸟信息技术有限公司,15-50人,宝安区,本科,不需要融资,"移动互联网,教育",113.870182,22.57102,兼职,3-5年
453,4353909,自动化测试工程师,上海,2018-04-11 10:28:42,19.6,353209,ONEROOT,上海启日信息技术有限公司,15-50人,虹口区,本科,A轮,移动互联网,121.477215,31.271142,全职,3-5年
454,3839782,自动化测试工程师（jenkins）,北京,2018-04-28 11:17:05,13.2,30605,赢时胜软件,深圳市赢时胜信息技术股份有限公司,500-2000人,朝阳区,本科,上市公司,金融,116.514624,39.937265,全职,1-3年
455,4369954,初级自动化测试工程师/实习生,北京,2018-04-09 10:26:34,9.8,101211,易美健,易思互动（北京）科技有限公司,50-150人,海淀区,本科,A轮,"金融,医疗健康",116.342273,39.965227,全职,不限
456,2750793,自动化测试引擎开发工程师,深圳,2018-03-30 10:22:48,28.0,19875,vivo,维沃移动通信有限公司,2000人以上,福田区,本科,未融资,移动互联网,113.993578,22.99368,全职,3-5年
457,3997146,自动化测试架构师（网校事业部）,北京,2018-04-28 16:43:49,56.0,3328,好未来,北京世纪好未来教育科技有限公司,2000人以上,海淀区,本科,上市公司,"移动互联网,教育",116.313701,39.978427,全职,5-10年
458,4106927,自动化测试高级工程师,上海,2018-04-30 14:26:55,28.0,254725,达家迎,上海达家迎信息科技有限公司,150-500人,闵行区,本科,B轮,O2O,121.31151,31.19334,全职,5-10年
459,4243585,高级自动化测试工程师,武汉,2018-04-17 17:46:41,12.0,12271,CmsTop,北京思拓合众科技有限公司,50-150人,洪山区,本科,未融资,移动互联网,114.408917,30.477669,全职,3-5年
460,4449755,高级自动化测试工程师,深圳,2018-04-20 19:44:57,15.4,1720,万兴科技股份有限公司,万兴科技股份有限公司,150-500人,南山区,本科,上市公司,移动互联网,113.936816,22.524171,全职,3-5年
461,1946403,高级自动化测试工程师/测试经理,北京,2018-04-28 10:52:11,16.8,22139,第三石科技,北京第三石科技发展有限公司,50-150人,朝阳区,本科,B轮,"移动互联网,电子商务",116.479717,39.99502406,全职,3-5年
462,3840831,APP自动化测试,上海,2018-04-28 16:57:45,12.0,1373,喜马拉雅,上海证大喜马拉雅网络科技有限公司,500-2000人,浦东新区,本科,D轮及以上,"移动互联网,文化娱乐",121.59440921,31.20434934,全职,1-3年
463,4421822,高级自动化测试工程师,北京,2018-04-14 13:32:01,28.0,365194,大都会资本,大都会资本有限公司,15-50人,朝阳区,本科,未融资,移动互联网 金融,116.45225,39.99382,全职,5-10年
464,4343206,高级自动化测试工程师,上海,2018-04-26 14:14:29,17.0,33943,国凯英,上海国凯英计算机科技有限公司,15-50人,黄浦区,大专,未融资,数据服务,0.0,0.0,全职,3-5年
465,4306101,自动化测试（嵌入式软件方向）,北京,2018-04-25 11:53:57,21.0,52261,mobike摩拜单车,北京摩拜科技有限公司,150-500人,朝阳区,本科,D轮及以上,移动互联网,0.0,0.0,全职,3-5年
466,2091075,自动化测试工程师（移动端）,上海,2018-04-28 16:25:10,18.2,51480,饿了么,拉扎斯网络科技（上海）有限公司,2000人以上,普陀区,本科,D轮及以上,移动互联网,121.38149999,31.23318987,全职,1-3年
467,4350704,WEB自动化测试工程师（英文办公环境）,北京,2018-03-30 11:18:17,17.0,123777,通力互联,北京通力互联技术服务有限公司,2000人以上,海淀区,本科,不需要融资,"电子商务,企业服务",116.285469,40.044303,全职,5-10年
468,4057338,高级自动化测试工程师,济南,2018-04-03 09:59:46,8.2,170925,云媒股份,山东云媒软件股份有限公司,150-500人,历下区,大专,上市公司,"移动互联网,O2O",117.054778,36.666809,全职,1-3年
469,4365883,初级自动化测试工程师（应届毕业生）,北京,2018-04-03 12:34:45,9.8,101211,易美健,易思互动（北京）科技有限公司,50-150人,海淀区,本科,A轮,"金融,医疗健康",116.341865,39.966298,全职,不限
470,4108756,APP自动化测试工程师,上海,2018-04-26 19:23:14,24.8,270893,利杰轩,广州市利杰轩财税咨询有限公司,500-2000人,徐汇区,大专,不需要融资,"企业服务,移动互联网",121.472603,31.212884,全职,3-5年
471,4308846,通信软件自动化测试,上海,2018-04-24 10:57:12,10.8,286559,瞬联软件,瞬联软件科技（北京）有限公司上海分公司,500-2000人,浦东新区,本科,不需要融资,"移动互联网,其他",121.598177,31.204668,全职,应届毕业生
472,2487073,"性能测试,自动化测试 顾问",深圳,2018-04-07 10:39:07,13.6,149905,星航智能,深圳市星航智能科技发展有限公司,2000人以上,,大专,不需要融资,"信息安全,移动互联网",114.038747,22.63895,全职,3-5年
473,3017811,高级测试工程师 自动化测试 性能测试 功能测试,北京,2018-04-28 17:43:06,19.0,31173,悠易,悠易互通（北京）广告有限公司,150-500人,朝阳区,本科,C轮,广告营销,116.459324,39.918852,全职,3-5年
474,4301105,高级测试工程师 自动化测试 web测试,上海,2018-04-27 15:20:13,21.0,126467,商米科技,上海商米科技有限公司,150-500人,杨浦区,本科,C轮,O2O,121.512935,31.307607,全职,5-10年
475,3538605,自动化测试工程师（Python）,北京,2018-04-30 09:08:21,15.2,9955,学堂在线,北京慕华信息科技有限公司,150-500人,海淀区,本科,B轮,"移动互联网,教育",116.329427,39.99412,全职,3-5年
476,4428269,娱乐系统自动化测试开发工程师-上海,上海,2018-04-16 16:31:42,12.0,358008,上汽通用汽车有限公司,上汽通用汽车有限公司,2000人以上,浦东新区,本科,不需要融资,"分类信息,其他",121.634832,31.279751,全职,1-3年
477,4096170,自动化测试工程师（服务器方向）,北京,2018-04-27 18:02:59,22.0,64220,海誉动想青岛（海马玩模拟器）,北京海誉动想科技有限公司青岛分公司,50-150人,朝阳区,大专,B轮,移动互联网,116.497961,39.975986,全职,3-5年
478,4049357,Java开发工程师（自动化测试）,上海,2018-04-27 17:27:18,14.0,142626,CLPS,上海华钦信息科技股份有限公司,500-2000人,浦东新区,本科,未融资,"数据服务,金融",121.59819964,31.21080018,全职,3-5年
479,4452682,自动化测试工程师（web端）,深圳,2018-04-26 15:31:05,14.0,27228,TOMTOP,深圳市通拓科技有限公司,500-2000人,龙岗区,大专,C轮,电子商务,114.1229,22.679,全职,3-5年
480,3867303,高级自动化测试工程师（北京）,北京,2018-04-27 17:43:53,21.0,51480,饿了么,拉扎斯网络科技（上海）有限公司,2000人以上,朝阳区,本科,D轮及以上,移动互联网,116.480085,39.986834,全职,3-5年
481,4257165,自动化测试工程师（OS平台研发部）,上海,2018-04-28 10:15:45,19.0,126467,商米科技,上海商米科技有限公司,150-500人,杨浦区,本科,C轮,O2O,121.512935,31.307607,全职,3-5年
482,3259202,java自动化测试工程师,北京,2018-04-28 18:07:36,19.0,24523,哗啦啦,北京多来点信息技术有限公司,500-2000人,西城区,本科,不需要融资,"移动互联网,O2O",116.35281182,39.94134779,全职,1-3年
483,4452920,Android APP自动化测试工程师,广州,2018-04-27 14:04:47,19.0,42975,小鱼在家,北京小鱼儿网络科技有限公司,150-500人,天河区,本科,C轮,移动互联网,113.3612,23.12468,全职,1-3年
484,3904768,java开发转自动化测试,深圳,2018-04-26 13:23:13,8.4,74495,JETTECH,上海捷科智诚科技有限公司,500-2000人,南山区,本科,上市公司,"金融,其他",113.946832,22.544671,全职,不限
485,4143465,智能电视和OTT应用自动化测试工程师,上海,2018-04-26 11:39:18,19.0,26785,芒果tv,湖南快乐阳光互动娱乐传媒有限公司,500-2000人,浦东新区,本科,B轮,文化娱乐,121.588883,31.25283,全职,3-5年
486,4321447,iOS自动化测试,北京,2018-04-25 16:51:43,14.0,418,世纪佳缘,上海花千树信息科技有限公司北京分公司,500-2000人,朝阳区,本科,上市公司,移动互联网,116.400542,39.967978,全职,1-3年
487,4467811,Test automation（自动化测试）,大连,2018-04-26 10:12:16,13.2,16831,武汉佰钧成技术有限公司,武汉佰钧成技术有限责任公司,2000人以上,高新园区,本科,不需要融资,移动互联网,0.0,0.0,全职,不限
488,3519999,自动化测试（Java语言）,上海,2018-04-11 15:03:11,21.0,143863,聚泛科技,上海聚泛信息科技有限公司,50-150人,徐汇区,本科,A轮,"金融,移动互联网",121.442914,31.172111,全职,1-3年
489,4114976,自动化测试工程师（PB级大数据）-校招-00063,北京,2018-04-10 17:57:06,12.0,53081,日志易,北京优特捷信息技术有限公司,50-150人,朝阳区,本科,A轮,数据服务,116.479928,39.996968,全职,应届毕业生
490,4396182,射频C#自动化测试,上海,2018-04-10 14:30:54,16.8,156748,Altenchina,欧立腾（北京）技术咨询有限公司上海分公司,2000人以上,浦东新区,本科,上市公司,"企业服务,其他",121.593389,31.326413,全职,3-5年
491,3848093,python自动化测试,西安,2018-04-14 17:58:23,11.2,149331,麻花网络,西安麻花网络技术有限公司,150-500人,高新技术产业开发区,本科,不需要融资,"移动互联网,社交网络",108.840656,34.209171,全职,不限
492,4192330,自动化测试工程师（C#/Java),北京,2018-04-27 17:34:34,8.2,85685,亚创,亚创（上海）工程技术有限公司,150-500人,朝阳区,本科,不需要融资,"企业服务,硬件",116.485238,40.010211,全职,1-3年
493,4452946,IOS APP自动化测试工程师,广州,2018-04-27 14:04:48,19.0,42975,小鱼在家,北京小鱼儿网络科技有限公司,150-500人,天河区,本科,C轮,移动互联网,113.3612,23.12468,全职,1-3年
494,4311906,中高级自动化测试工程师,上海,2018-04-10 11:44:40,28.0,16831,武汉佰钧成技术有限公司,武汉佰钧成技术有限责任公司,2000人以上,长宁区,本科,不需要融资,移动互联网,121.412331,31.209185,全职,5-10年
495,3441105,爱立信初级中级自动化测试工程师,上海,2018-04-10 11:44:39,14.0,16831,武汉佰钧成技术有限公司,武汉佰钧成技术有限责任公司,2000人以上,长宁区,本科,不需要融资,移动互联网,121.354703,31.219114,全职,3-5年
