,职位编码,职位名称,所在城市,发布日期,薪资待遇,公司编码,公司名称,公司全称,公司规模,所在区域,最低学历,融资状态,公司类型,经度,纬度,全职/实习,工作经验,吸引条件
0,4399609,图像处理,北京,2018-04-28 13:39:10,28.0,25439,Udesk－企业级智能客服平台,北京沃丰时代数据科技有限公司,150-500人,西城区,博士,B轮,其他,116.357353,39.939211,全职,3-5年,"['股票期权', '高成长', '云服务', '高并发']"
1,2567485,图像处理与分析算法工程师,杭州,2018-04-27 09:54:51,19.0,35559,亲宝宝,杭州点望科技有限公司,150-500人,西湖区,硕士,B轮,"移动互联网,社交网络",120.097412,30.266811,全职,1-3年,"['技能培训', '节日礼物', '股票期权', '扁平管理']"
2,3419176,图像处理工程师,北京,2018-04-27 10:57:49,28.0,129,陌陌,北京陌陌科技有限公司,500-2000人,朝阳区,大专,上市公司,社交网络,115.99339,39.99426,全职,3-5年,"['岗位晋升', '帅哥多', '管理规范', '技能培训']"
3,3943432,【OpenCV/图像处理/图像算法工程师】,武汉,2018-04-18 11:29:39,14.0,277312,微晟,微晟（武汉）技术有限公司,15-50人,洪山区,本科,不需要融资,"移动互联网,硬件",114.412546,30.500298,全职,1-3年,"['年底双薪', '年终分红', '交通补助', '领导好']"
4,4160993,图像处理,上海,2018-04-25 09:16:01,21.0,150654,信号旗,信号旗智能科技（上海）有限公司,15-50人,浦东新区,硕士,A轮,数据服务,121.605683,31.178004,全职,3-5年,"['领导好', '股票期权', '弹性工作', '绩效奖金']"
5,4412127,图像处理,昆明,2018-04-12 15:44:29,7.0,300659,匠品科技,匠品科技（深圳）有限公司,15-50人,官渡区,本科,天使轮,"移动互联网,电子商务",102.725917,25.025756,全职,不限,"['""""']"
6,3979817,图像处理Leader,北京,2018-04-27 11:18:12,35.0,62831,明略数据,北京明略软件系统有限公司,150-500人,海淀区,硕士,C轮,数据服务,116.330747,39.9947,全职,3-5年,"['技能培训', '年底双薪', '节日礼物', '绩效奖金']"
7,3597682,图像处理工程师,北京,2018-04-27 11:15:42,19.0,28393,爱云校,北京修齐治平科技有限公司,500-2000人,朝阳区,本科,C轮,"教育,数据服务",116.481459,39.99646,全职,1-3年,"['技能培训', '节日礼物', '股票期权', '带薪年假']"
8,4249164,图像处理工程师,北京,2018-04-26 10:16:34,21.0,21474,必要商城,珠海随变科技有限公司,50-150人,朝阳区,本科,不需要融资,电子商务,115.99339,39.99426,全职,3-5年,"['商业医疗保险', '带薪年假', '扁平管理', '下午茶']"
9,4036075,图像处理,北京,2018-04-20 22:37:50,14.0,284680,北京艳江科技,北京艳江科技发展有限公司,15-50人,昌平区,本科,天使轮,硬件,,,全职,1-3年,"['""""']"
10,3678626,图像处理工程师,北京,2018-04-25 15:16:28,35.0,329,网易,网易（杭州）有限公司,2000人以上,海淀区,硕士,上市公司,"电子商务,移动互联网",115.99339,39.99426,全职,3-5年,"['节日礼物', '技能培训', '免费班车', '带薪年假']"
11,2711007,图像处理工程师,青岛,2018-04-11 16:39:35,12.6,112945,青岛鼎信,青岛鼎信通讯股份有限公司,2000人以上,市南区,本科,上市公司,其他,120.415547,36.076209,全职,不限,"['年底双薪', '午餐补助', '通讯津贴', '定期体检']"
12,4462607,图像处理研究员,深圳,2018-04-28 11:01:39,25.2,40459,商汤科技,北京市商汤科技开发有限公司,500-2000人,南山区,本科,B轮,移动互联网,113.920038,22.494927,全职,1-3年,"['五险一金', '弹性工作', '丰盛三餐', '发展空间大']"
13,3267061,视觉/图像处理研究员,北京,2018-04-25 14:20:42,38.0,50702,美团点评,北京三快在线科技有限公司,2000人以上,朝阳区,硕士,D轮及以上,"移动互联网,O2O",116.48864,40.007096,全职,5-10年,"['技能培训', '绩效奖金', '岗位晋升', '领导好']"
14,4277644,图像处理开发工程师,北京,2018-04-28 11:08:08,21.0,4128,知乎,北京智者天下科技有限公司,500-2000人,海淀区,本科,D轮及以上,"移动互联网,社交网络",116.350094,40.007985,全职,1-3年,"['年底双薪', '股票期权', '带薪年假', '定期体检']"
15,3480331,图像处理研发工程师,广州,2018-04-27 11:15:42,17.0,28393,爱云校,北京修齐治平科技有限公司,500-2000人,天河区,硕士,C轮,"教育,数据服务",113.356269,23.134926,全职,1年以下,"['技能培训', '节日礼物', '股票期权', '带薪年假']"
16,4423925,图像处理工程师,济南,2018-04-23 15:48:47,12.0,104298,北明软件,北明软件有限公司,2000人以上,高新区,本科,上市公司,"移动互联网,数据服务",117.141711,36.662479,全职,1-3年,"['年底双薪', '股票期权', '专项奖金', '定期体检']"
17,3979791,图像处理工程师,北京,2018-04-27 11:18:11,28.0,62831,明略数据,北京明略软件系统有限公司,150-500人,海淀区,硕士,C轮,数据服务,116.330747,39.9947,全职,1-3年,"['技能培训', '年底双薪', '节日礼物', '绩效奖金']"
18,4225299,图像处理工程师,无锡,2018-04-08 08:21:04,17.0,331629,声亚医疗,无锡声亚医疗科技有限公司,15-50人,无锡新区,硕士,天使轮,医疗健康,120.358818,31.538042,全职,1-3年,"['""""']"
19,3964072,图像处理工程师,北京,2018-04-13 14:25:23,28.0,154010,NovuMind Inc.,北京异构智能科技有限公司,15-50人,海淀区,硕士,B轮,其他,116.297356,40.049092,全职,3-5年,"['带薪年假', '股票期权', '午餐补助', '绩效奖金']"
20,3965388,计算机视觉/图像处理工程师,北京,2018-04-26 15:03:08,28.0,303915,创智臻视,北京创智臻视科技有限公司,15-50人,海淀区,硕士,天使轮,"信息安全,数据服务",,,全职,不限,"['""""']"
21,3905236,图像处理工程师,福州,2018-04-08 16:57:48,17.0,76740,岂微,福州岂微网络科技有限公司,15-50人,鼓楼区,硕士,天使轮,"移动互联网,游戏",119.270634,26.074504,全职,1-3年,"['节日礼物', '岗位晋升', '扁平管理', '自由开放']"
22,2235144,全景图像处理工程师,北京,2018-04-28 09:26:37,29.0,113761,企鹅创新,企鹅创新（北京）科技有限公司,15-50人,,本科,天使轮,"硬件,移动互联网",116.4800105,39.99724951,全职,3-5年,[]
23,3895674,图像处理和OCR算法工程师,上海,2018-04-13 10:30:26,16.0,26376,灵兮科技,上海灵兮信息科技有限公司,15-50人,杨浦区,本科,A轮,"移动互联网,企业服务",,,全职,1-3年,"['节日礼物', '股票期权', '带薪年假', '年度旅游']"
24,4175779,软件工程师（图像处理）,深圳,2018-04-26 16:07:31,19.6,166781,智神信息技术,桂林智神信息技术有限公司,500-2000人,福田区,本科,未融资,"移动互联网,企业服务",114.027021,22.52845,全职,3-5年,[]
25,4417563,高级视觉导航与图像处理工程师,武汉,2018-04-24 15:35:48,17.8,224751,立得空间,北京立得空间信息技术有限公司,150-500人,东湖新技术开发区,本科,未融资,"移动互联网,数据服务",114.402633,30.442719,全职,1-3年,"['年底双薪', '股票期权', '专项奖金', '带薪年假']"
26,4477552,图像处理工程师,北京,2018-04-25 10:15:28,5.6,87908,天睿空间,北京天睿空间科技股份有限公司,50-150人,朝阳区,硕士,天使轮,数据服务,116.47372,40.01282,全职,应届毕业生,"['免费班车', '带薪年假', '绩效奖金', '定期体检']"
27,4053010,图像处理软件工程师,北京,2018-04-12 13:44:55,25.2,155166,北京博视智动,北京博视智动技术有限公司,15-50人,丰台区,本科,未融资,"信息安全,数据服务",116.387519,39.841112,全职,不限,"['绩效奖金', '交通补助', '通讯津贴', '午餐补助']"
28,4085957,图像处理工程师,深圳,2018-04-16 10:09:23,14.0,118968,智影医疗,深圳市智影医疗科技有限公司,15-50人,龙华新区,硕士,A轮,医疗健康,114.06515,22.6733,全职,1-3年,"['股票期权', '专项奖金', '带薪年假', '免费班车']"
29,4210933,图像处理工程师,北京,2018-04-08 09:31:42,21.0,313662,佳光科技,北京佳光科技有限公司,15-50人,海淀区,硕士,A轮,"硬件,其他",116.30899,39.981654,全职,1-3年,"['""""']"
30,2535112,图像处理软件工程师,北京,2018-04-12 13:44:56,17.8,155166,北京博视智动,北京博视智动技术有限公司,15-50人,丰台区,本科,未融资,"信息安全,数据服务",116.387814,39.841162,全职,1-3年,"['绩效奖金', '交通补助', '通讯津贴', '午餐补助']"
31,3969968,图像处理架构师,北京,2018-04-17 21:33:34,48.0,3328,好未来,北京世纪好未来教育科技有限公司,2000人以上,海淀区,本科,上市公司,"移动互联网,教育",116.314526,39.982338,全职,5-10年,"['上市公司', '领军企业', '五险一金', '住福计划']"
32,4332402,图像处理算法工程师,北京,2018-04-28 15:46:48,21.0,190413,云脑科技,杭州云脑科技有限公司,15-50人,朝阳区,硕士,A轮,"企业服务,数据服务",116.443108,39.92147,全职,3-5年,"['年底双薪', '股票期权', '扁平管理', '人工智能']"
33,4491423,计算机视觉/图像处理,南宁,2018-04-27 10:00:35,3.8,331379,策顺网络公司,广州策顺网络科技有限公司,50-150人,青秀区,不限,未融资,"电子商务,游戏",108.332286,22.814313,全职,应届毕业生,"['""""']"
34,4379533,算法工程师-图像处理方向,深圳,2018-04-08 10:33:50,19.0,347533,蒙迪爱尔,深圳市美迪服装有限公司,150-500人,龙岗区,硕士,未融资,其他,114.074914,22.644757,全职,3-5年,"['""""']"
35,3139783,图像处理/模式识别算法工程师,北京,2018-04-28 13:59:25,15.8,3334,七鑫易维,北京七鑫易维信息技术有限公司,50-150人,朝阳区,硕士,B轮,"移动互联网,硬件",0.0,0.0,全职,1-3年,"['技能培训', '年底双薪', '绩效奖金', '年度旅游']"
36,3480303,图像处理助理研发工程师,广州,2018-04-27 11:15:43,10.8,28393,爱云校,北京修齐治平科技有限公司,500-2000人,天河区,硕士,C轮,"教育,数据服务",113.356269,23.134926,全职,1年以下,"['技能培训', '节日礼物', '股票期权', '带薪年假']"
37,4141071,图像处理工程师,北京,2018-04-23 15:42:19,14.0,324240,上海融军,上海融军科技有限公司,15-50人,海淀区,硕士,不需要融资,"信息安全,数据服务",116.303276,40.035542,全职,1-3年,"['""""']"
38,4270333,图像处理,北京,2018-04-04 09:42:38,21.0,166721,BitBays,北京币贝科技有限公司,50-150人,海淀区,本科,不需要融资,"移动互联网,金融",116.326663,39.984118,全职,不限,"['弹性工作', '领导好', '扁平管理', '技能培训']"
39,2281722,图像处理算法工程师/专家,北京,2018-05-01 09:49:29,38.0,50702,美团点评,北京三快在线科技有限公司,2000人以上,朝阳区,本科,D轮及以上,"移动互联网,O2O",116.48762151,40.00609607,全职,3-5年,"['技能培训', '绩效奖金', '岗位晋升', '领导好']"
40,3055701,图像处理开发工程师,合肥,2018-04-02 17:56:34,13.2,21980,科大讯飞,科大讯飞股份有限公司,2000人以上,高新区,本科,上市公司,"移动互联网,数据服务",117.14372,31.830538,全职,3-5年,"['绩效奖金', '股票期权', '专项奖金', '年底双薪']"
41,4334071,图像处理工程师/实习生,北京,2018-04-26 22:24:14,24.0,39934,每日优鲜,北京每日优鲜电子商务有限公司,500-2000人,朝阳区,本科,C轮,"移动互联网,电子商务",116.479363,39.986108,全职,3-5年,"['节日礼物', '岗位晋升', '管理规范', '五险一金']"
42,4186869,ZBBU-图像处理算法工程师,广州,2018-04-25 10:49:01,17.0,336,酷狗音乐,广州酷狗计算机科技有限公司,500-2000人,天河区,本科,不需要融资,"移动互联网,文化娱乐",112.993461,22.994261,全职,不限,"['技能培训', '节日礼物', '年底双薪', '带薪年假']"
43,3741785,图像处理OCV（智能）,武汉,2018-04-18 11:32:33,21.0,277312,微晟,微晟（武汉）技术有限公司,15-50人,洪山区,本科,不需要融资,"移动互联网,硬件",114.412546,30.500298,全职,5-10年,"['年底双薪', '年终分红', '交通补助', '领导好']"
44,3610185,图像处理算法工程师,北京,2018-04-27 10:57:53,28.0,129,陌陌,北京陌陌科技有限公司,500-2000人,朝阳区,本科,上市公司,社交网络,115.99339,39.99426,全职,1-3年,"['岗位晋升', '帅哥多', '管理规范', '技能培训']"
45,4005130,图像处理与识别研发工程师,北京,2018-04-28 10:04:25,21.0,3328,好未来,北京世纪好未来教育科技有限公司,2000人以上,海淀区,本科,上市公司,"移动互联网,教育",116.313701,39.978427,全职,1-3年,"['上市公司', '领军企业', '五险一金', '住福计划']"
46,2311307,图像处理工程师,北京,2018-04-27 10:58:18,14.0,23727,知网,同方知网（北京）技术有限公司,2000人以上,海淀区,硕士,上市公司,"移动互联网,电子商务",116.35717,40.04444006,全职,不限,"['美女多多', '带薪年假', '绩效奖金', '岗位晋升']"
47,3628116,计算机视觉/图像处理实习生,广州,2018-04-16 15:55:17,2.8,142381,派客朴食,广州市派客朴食信息科技有限责任公司,15-50人,海珠区,不限,不需要融资,"移动互联网,电子商务",113.369458,23.096879,实习,1年以下,[]
48,2629663,图像处理算法工程师/专家,北京,2018-05-01 09:49:29,35.0,50702,美团点评,北京三快在线科技有限公司,2000人以上,朝阳区,本科,D轮及以上,"移动互联网,O2O",116.48762151,40.00609607,全职,3-5年,"['技能培训', '绩效奖金', '岗位晋升', '领导好']"
49,4402136,图像处理算法专家,北京,2018-04-28 17:21:18,38.0,1880,快手,北京达佳互联信息技术有限公司,500-2000人,海淀区,本科,D轮及以上,移动互联网,116.316508,39.984066,全职,3-5年,"['股票期权', '弹性工作', '定期体检', '岗位晋升']"
50,4363083,图像处理工程师,杭州,2018-04-02 19:52:37,19.0,356945,展拓视觉,杭州展拓智能控制技术有限公司,15-50人,西湖区,本科,未融资,移动互联网,120.062846,30.32283,全职,不限,"['""""']"
51,4095161,OCR文字识别及图像处理工程师（广州）,广州,2018-04-26 13:50:33,33.0,25419,广发证券,广发证券股份有限公司,2000人以上,天河区,本科,上市公司,金融,113.342831,23.118145,全职,3-5年,"['绩效奖金', '岗位晋升', '领导好', '扁平管理']"
52,4049772,图像处理工程师,北京,2018-04-25 12:08:08,24.0,291761,环球农宝,北京环球农宝智能科技有限公司,15-50人,海淀区,本科,天使轮,"企业服务,硬件",0.0,0.0,全职,1-3年,[]
53,4443140,图像处理算法工程师,惠州,2018-04-18 15:41:45,14.0,221266,德赛西威,惠州市德赛西威汽车电子股份有限公司,2000人以上,惠城区,硕士,上市公司,"硬件,其他",114.346003,23.044989,全职,1-3年,"['带薪年假', '弹性工作', '年度旅游', '管理规范']"
54,3967484,图像处理软件开发总工程师,南京,2018-04-08 13:37:17,19.0,304868,衣谷科技,南京衣谷互联网科技有限公司,15-50人,鼓楼区,本科,未融资,"电子商务,硬件",118.770306,32.077795,全职,3-5年,"['专项奖金', '年终分红', '弹性工作', '领导好']"
55,377180,图像处理算法工程师,成都,2018-04-26 11:09:45,19.0,3524,Camera360,成都品果科技有限公司,150-500人,高新区,硕士,B轮,移动互联网,104.07010065,30.55062161,全职,不限,"['绩效奖金', '股票期权', '专项奖金', '年终奖']"
56,1951930,数字图像处理工程师,合肥,2018-04-22 00:39:40,5.6,133190,中科新萝,安徽中科新萝智慧城市信息科技有限公司,15-50人,高新区,本科,天使轮,移动互联网,117.20859513,31.86232621,全职,不限,[]
57,3487137,图像处理算法工程师,深圳,2018-04-28 10:57:53,28.0,107664,AKULAKU,岩心科技（深圳）有限公司,150-500人,南山区,本科,B轮,"移动互联网,金融",113.943847,22.529035,全职,1-3年,"['美女如云', '股票期权', '高速发展', '扁平管理']"
58,4296430,图像处理工程师/实习生,北京,2018-04-26 22:24:14,7.0,39934,每日优鲜,北京每日优鲜电子商务有限公司,500-2000人,朝阳区,本科,C轮,"移动互联网,电子商务",116.479363,39.986108,全职,应届毕业生,"['节日礼物', '岗位晋升', '管理规范', '五险一金']"
59,4178403,图像处理算法工程师,深圳,2018-04-28 11:12:57,28.0,242855,哈哈便利,武汉市哈哈便利科技有限公司,50-150人,南山区,本科,A轮,"硬件,移动互联网",113.936839,22.523913,全职,3-5年,"['股票期权', '年终分红', '专项奖金']"
60,4097546,图像处理工程师,北京,2018-04-24 10:27:30,19.0,53088,东舟,北京东舟技术股份有限公司,50-150人,海淀区,本科,不需要融资,"移动互联网,企业服务",116.305528,40.043229,全职,1-3年,"['绩效奖金', '岗位晋升', '年度旅游', '扁平管理']"
61,3203076,图像处理工程师,北京,2018-04-24 17:47:39,21.0,182153,丰源星际,北京丰源星际传媒科技有限公司,50-150人,西城区,本科,A轮,数据服务,116.353021,39.930662,全职,不限,[]
62,4380546,图像算法工程师（图像处理方向）,杭州,2018-04-25 15:05:35,28.0,229678,奇点云,杭州比智科技有限公司,50-150人,余杭区,本科,A轮,移动互联网、O2O,120.003852,30.291585,全职,不限,"['年底双薪', '股票期权', '专项奖金', '绩效奖金']"
63,3954360,图像处理算法研究员,上海,2018-04-20 11:05:36,34.0,1499,学霸君,上海谦问万答吧云计算科技有限公司,150-500人,杨浦区,硕士,C轮,"移动互联网,教育",121.51123519,31.30683942,全职,3-5年,"['帅哥多', '美女多', '股票期权', '年底双薪']"
64,3076874,深度学习，计算机视觉，机器学习，图像处理，,杭州,2018-04-08 14:29:58,35.0,196995,洽豪,杭州洽豪科技有限公司,50-150人,西湖区,硕士,不需要融资,移动互联网,120.123726,30.282507,全职,不限,"['年底双薪', '绩效奖金', '定期体检', '带薪年假']"
65,3381415,搜狐媒体-集团商业部-数字图像处理工程师,北京,2018-04-17 10:55:04,26.0,106303,搜狐集团,北京搜狐新媒体信息技术有限公司,2000人以上,海淀区,本科,上市公司,"移动互联网,广告营销",116.325403,39.983335,全职,3-5年,"['节日礼物', '项目奖金', '弹性工作时间', '15天年假']"
66,3150773,图像处理算法工程师,杭州,2018-04-25 14:48:16,28.0,128744,ULSee,杭州保新科技有限公司,15-50人,江干区,本科,A轮,"移动互联网,文化娱乐",120.216023,30.246219,全职,应届毕业生,"['国际化团队', '脚踏实地', '硅谷环境', '年度旅游']"
67,4140806,图像处理工程师,上海,2018-04-23 15:42:19,14.0,324240,上海融军,上海融军科技有限公司,15-50人,徐汇区,硕士,不需要融资,"信息安全,数据服务",121.395334,31.160489,全职,1-3年,"['""""']"
68,4243430,图像处理实习生,北京,2018-04-08 11:07:26,3.8,47766,爱康泰,北京爱康泰科技有限责任公司,15-50人,海淀区,本科,A轮,"移动互联网,医疗健康",116.335821,39.998487,实习,应届毕业生,"['节日礼物', '技能培训', '股票期权', '带薪年假']"
69,3740685,高级图像处理算法工程师,北京,2018-04-30 21:10:20,28.0,34200,健康有益,北京健康有益科技有限公司,50-150人,朝阳区,硕士,A轮,"移动互联网,医疗健康",116.481014,39.989813,全职,3-5年,"['技能培训', '年底双薪', '岗位晋升', '扁平管理']"
70,4096165,OCR及图像处理工程师(广州),广州,2018-04-26 13:50:34,33.0,25419,广发证券,广发证券股份有限公司,2000人以上,天河区,本科,上市公司,金融,113.342831,23.118145,全职,3-5年,"['绩效奖金', '岗位晋升', '领导好', '扁平管理']"
71,2945312,图像处理算法工程师,北京,2018-04-24 15:54:22,21.0,25120,中科虹霸,北京中科虹霸科技有限公司,50-150人,海淀区,硕士,C轮,移动互联网,116.33396,39.986955,全职,1-3年,"['年终分红', '绩效奖金', '专项奖金', '五险一金']"
72,3491751,深度学习/图像处理 算法工程师,北京,2018-04-24 14:35:58,42.0,139755,京东商城,北京京东世纪贸易有限公司,2000人以上,大兴区,硕士,上市公司,电子商务,116.562755,39.786489,全职,3-5年,"['免费班车', '子女教育计划', '安居计划', '救助基金']"
73,3567646,图像处理算法工程师,青岛,2018-04-10 14:17:11,14.0,124026,木子,青岛木子企业管理咨询有限公司,15-50人,崂山区,硕士,不需要融资,移动互联网,120.468956,36.107538,全职,1-3年,[]
74,4129192,图像处理工程师,北京,2018-04-24 11:58:26,21.0,298378,mioto喵图,北京东方畅享科技有限公司,15-50人,海淀区,本科,A轮,移动互联网 企业服务,116.310136,39.983619,全职,不限,"['年底双薪', '股票期权', '绩效奖金', '年终分红']"
75,3261482,图像处理工程师,北京,2018-04-17 10:22:25,21.0,46877,卓成世纪,北京卓成世纪科技发展有限公司,50-150人,海淀区,本科,不需要融资,"移动互联网,企业服务",115.99339,39.99426,全职,1-3年,"['技能培训', '专项奖金', '带薪年假', '绩效奖金']"
76,3398900,图像处理&amp;深度学习研发工程师 （龙珠直播）,上海,2018-04-23 17:22:41,24.8,17291,PPTV聚力,上海聚力传媒技术有限公司,500-2000人,浦东新区,本科,D轮及以上,文化娱乐,121.531728,31.216657,全职,1-3年,"['技能培训', '绩效奖金', '岗位晋升', '扁平管理']"
77,2709187,图像处理算法工程师,深圳,2018-04-24 14:10:40,14.0,118384,旭东数字影像,深圳市旭东数字医学影像技术有限公司,50-150人,福田区,硕士,A轮,医疗健康,0.0,0.0,全职,不限,"['专项奖金', '交通补助', '带薪年假', '通讯津贴']"
78,4310252,图像处理算法工程师,北京,2018-04-27 11:35:36,28.0,281459,艺富,北京艺富科技有限公司,15-50人,昌平区,硕士,未融资,"移动互联网,文化娱乐",116.347137,40.080199,全职,1-3年,"['年终奖金', '专项奖金', '五险一金', '补充医疗']"
79,3777392,机器视觉/图像处理工程师,北京,2018-04-26 11:38:04,25.2,128747,ThisVR,极鱼（北京）科技有限公司,少于15人,朝阳区,本科,天使轮,硬件,116.481049,39.996796,全职,1-3年,[]
80,3932922,图像处理算法工程师,深圳,2018-04-08 16:16:17,22.8,21775,DJI大疆创新,深圳市大疆创新科技有限公司,2000人以上,南山区,硕士,未融资,"移动互联网,硬件",113.952984,22.537007,全职,1-3年,"['朝阳行业', '丰厚薪资待遇', '年终发车', '扁平管理']"
81,4439272,计算机视觉及图像处理,深圳,2018-04-27 14:33:35,21.0,35996,顺丰科技有限公司,顺丰科技有限公司,500-2000人,南山区,本科,不需要融资,"移动互联网,电子商务",113.937987,22.523392,全职,3-5年,"['技能培训', '节日礼物', '带薪年假', '岗位晋升']"
82,4383497,图像处理算法工程师,东莞,2018-04-08 16:50:44,21.0,353834,小黄狗环保科技有限公司,小黄狗环保科技有限公司,2000人以上,东莞市市辖区,大专,D轮及以上,"移动互联网,生活服务",0.0,0.0,全职,3-5年,"['""""']"
83,4411920,算法工程师（图像处理方向）,杭州,2018-04-12 15:29:15,21.0,719,顺网科技,杭州顺网科技股份有限公司,500-2000人,西湖区,硕士,上市公司,"游戏,文化娱乐",120.057035,30.286205,全职,3-5年,"['技能培训', '节日礼物', '年度旅游', '岗位晋升']"
84,4155828,图像处理算法工程师,上海,2018-04-18 01:28:07,28.0,116769,声网Agora.io,上海兆言网络科技有限公司,15-50人,杨浦区,博士,B轮,"移动互联网,企业服务",121.516672,31.305607,全职,5-10年,"['扁平管理', '美女多', '节日礼物', '弹性工作']"
85,3965963,图像处理算法工程师,郑州,2018-04-26 09:20:51,7.6,244526,亚视软件,河南亚视软件技术有限公司,50-150人,郑东新区,硕士,未融资,移动互联网,113.719643,34.776495,全职,不限,[]
86,4329208,图像识别/图像处理实习生,深圳,2018-04-18 10:39:09,5.6,251713,玛塔创想,深圳市玛塔创想科技有限公司,15-50人,南山区,本科,天使轮,"硬件,教育",113.96254,22.586026,实习,1年以下,"['股票期权', '带薪年假', '弹性工作', '扁平管理']"
87,3947818,百度贴吧-图像处理高级工程师,北京,2018-04-23 10:39:19,21.0,1575,百度,百度在线网络技术（北京）有限公司,2000人以上,海淀区,本科,不需要融资,"移动互联网,数据服务",116.301396,40.050909,全职,3-5年,"['股票期权', '弹性工作', '五险一金', '免费班车']"
88,3472187,图像处理算法工程师,北京,2018-04-16 17:19:39,19.6,206095,阿丘科技,北京阿丘科技有限公司,15-50人,海淀区,本科,A轮,"企业服务,硬件",116.334587,39.994037,全职,1-3年,"['大牛众多', '弹性工作', '扁平管理', '绩效奖金']"
89,4414259,人工智能图像处理工程师,成都,2018-04-26 17:36:39,24.0,24984,医联,成都医云科技有限公司,500-2000人,高新区,本科,B轮,"社交网络,医疗健康",104.071436,30.545068,全职,1-3年,"['专项奖金', '绩效奖金', '岗位晋升', '扁平管理']"
90,4191662,图像处理算法工程师,上海,2018-04-17 10:18:21,21.0,21775,DJI大疆创新,深圳市大疆创新科技有限公司,2000人以上,浦东新区,本科,未融资,"移动互联网,硬件",121.583944,31.197664,全职,不限,"['朝阳行业', '丰厚薪资待遇', '年终发车', '扁平管理']"
91,4402162,资深图像处理算法工程师,北京,2018-04-16 11:06:46,44.0,8103,汽车之家,北京车之家信息技术有限公司,2000人以上,海淀区,本科,上市公司,"移动互联网,文化娱乐",116.311989,39.979473,全职,5-10年,"['技能培训', '节日礼物', '带薪年假', '绩效奖金']"
92,3670899,图像处理算法研发工程师,杭州,2018-04-28 10:02:34,24.0,329,网易,网易（杭州）有限公司,2000人以上,滨江区,硕士,上市公司,"电子商务,移动互联网",120.193872,30.189927,全职,1-3年,"['节日礼物', '技能培训', '免费班车', '带薪年假']"
93,4380630,图像算法工程师（图像处理方向）,北京,2018-04-25 15:05:35,28.0,229678,奇点云,杭州比智科技有限公司,50-150人,海淀区,本科,A轮,移动互联网、O2O,116.298056,39.959912,全职,1年以下,"['年底双薪', '股票期权', '专项奖金', '绩效奖金']"
94,4096181,OCR及图像处理工程师(深圳),深圳,2018-04-26 13:50:32,33.0,25419,广发证券,广发证券股份有限公司,2000人以上,南山区,本科,上市公司,金融,113.93697,22.51828,全职,3-5年,"['绩效奖金', '岗位晋升', '领导好', '扁平管理']"
95,2735604,算法工程师（图像处理）,深圳,2018-04-28 17:16:58,14.0,119456,云之梦科技,深圳市云之梦科技有限公司,50-150人,南山区,本科,A轮,"移动互联网,O2O",113.993578,22.99368,全职,1-3年,"['年底双薪', '绩效奖金', '交通补助', '带薪年假']"
96,4313629,图像处理算法工程师,重庆,2018-04-16 23:02:55,12.0,127781,元高分,四川元高分网络科技有限公司,50-150人,渝北区,本科,A轮,"移动互联网,教育",106.498729,29.614292,全职,3-5年,"['带薪年假', '技能培训', '领导好', '岗位晋升']"
97,3577952,图像处理研究员/深度学习研究员/机器学习研究员,北京,2018-04-26 11:38:04,4.2,128747,ThisVR,极鱼（北京）科技有限公司,少于15人,朝阳区,硕士,天使轮,硬件,116.481049,39.996796,实习,应届毕业生,[]
98,4114573,图像处理高级算法工程师/专家,上海,2018-04-28 10:49:55,21.0,35422,京东,京东商城,2000人以上,长宁区,硕士,上市公司,电子商务,121.360459,31.221087,全职,3-5年,"['年底双薪', '节日礼物', '技能培训', '岗位晋升']"
99,3611142,图像处理科学家,北京,2018-04-17 21:33:34,49.0,3328,好未来,北京世纪好未来教育科技有限公司,2000人以上,海淀区,博士,上市公司,"移动互联网,教育",116.314526,39.982338,全职,3-5年,"['上市公司', '领军企业', '五险一金', '住福计划']"
100,2731227,图像处理引擎工程师,成都,2018-04-26 11:09:45,19.0,3524,Camera360,成都品果科技有限公司,150-500人,高新区,本科,B轮,移动互联网,103.99341,30.994233,全职,1-3年,"['绩效奖金', '股票期权', '专项奖金', '年终奖']"
101,3770123,算法专家（图像处理方向）,上海,2018-04-25 16:14:38,31.2,51480,饿了么,拉扎斯网络科技（上海）有限公司,2000人以上,普陀区,本科,D轮及以上,移动互联网,121.3815,31.23318987,全职,3-5年,"['节日礼物', '绩效奖金', '年度旅游', '岗位晋升']"
102,4118520,图像处理算法工程师,北京,2018-04-26 17:30:05,19.0,321870,iHandy,北京汉迪移动互联网科技股份有限公司,150-500人,海淀区,本科,不需要融资,移动互联网,116.339299,39.992408,全职,1-3年,"['带薪年假', '定期体检', '文化open', '美女多']"
103,4130697,算法研究员\图像处理工程师,济南,2018-04-23 16:23:32,7.6,220884,万腾科技,山东万腾电子科技有限公司,150-500人,高新区,本科,B轮,"移动互联网,硬件",117.136813,36.676532,全职,1-3年,[]
104,4371782,医学图像处理软件开发/QT界面开发,广州,2018-04-04 11:23:03,3.4,194821,GE,通用电气（中国）有限公司,2000人以上,天河区,硕士,上市公司,"移动互联网,医疗健康",113.322187,23.120127,实习,应届毕业生,"['绩效奖金', '带薪年假', '世界500强', '工业互联网']"
105,4445435,图像处理算法专家,上海,2018-04-18 18:46:58,28.0,51480,饿了么,拉扎斯网络科技（上海）有限公司,2000人以上,普陀区,本科,D轮及以上,移动互联网,121.382121,31.232942,全职,3-5年,"['节日礼物', '绩效奖金', '年度旅游', '岗位晋升']"
106,4419071,图像处理工程师（视频直播）,北京,2018-04-27 10:57:53,35.0,129,陌陌,北京陌陌科技有限公司,500-2000人,朝阳区,大专,上市公司,社交网络,115.99339,39.99426,全职,3-5年,"['岗位晋升', '帅哥多', '管理规范', '技能培训']"
107,4229335,高级图像处理算法工程师,深圳,2018-04-23 14:14:10,28.0,337539,普汇智联,深圳市普汇智联科技有限公司,15-50人,南山区,硕士,不需要融资,移动互联网,0.0,0.0,全职,5-10年,"['年底双薪', '通讯津贴', '供应零食', '氛围融洽']"
108,3499817,高级图像处理算法工程师,北京,2018-04-26 16:12:41,16.8,44202,万里红,北京万里红科技股份有限公司,150-500人,海淀区,硕士,不需要融资,移动互联网,116.335308,39.953179,全职,不限,"['技能培训', '年底双薪', '节日礼物', '绩效奖金']"
109,3130625,图像处理算法工程师,北京,2018-04-27 14:24:15,21.0,90204,聚龙股份,聚龙股份有限公司,2000人以上,海淀区,硕士,上市公司,"金融,数据服务",116.292002,40.050931,全职,1-3年,"['专项奖金', '带薪年假', '绩效奖金', '领导好']"
110,4476129,视频图像处理系统工程师,深圳,2018-04-24 19:36:27,21.0,101,迅雷,深圳市迅雷网络技术有限公司,500-2000人,南山区,本科,上市公司,移动互联网,113.93851,22.54505,全职,3-5年,"['节日礼物', '技能培训', '免费班车', '运动日']"
111,4495941,图像处理算法研究员,北京,2018-04-27 18:05:01,24.0,162203,寒武纪科技,北京中科寒武纪科技有限公司,50-150人,海淀区,本科,A轮,"硬件,数据服务",116.351057,39.977249,全职,不限,"['股票期权', '午餐补助', '带薪年假', '定期体检']"
112,4335741,视频图像处理算法工程师,杭州,2018-04-28 10:02:35,14.0,329,网易,网易（杭州）有限公司,2000人以上,滨江区,本科,上市公司,"电子商务,移动互联网",0.0,0.0,全职,1-3年,"['节日礼物', '技能培训', '免费班车', '带薪年假']"
113,2735579,资深算法工程师（图像处理方向）,深圳,2018-04-28 17:16:59,42.0,119456,云之梦科技,深圳市云之梦科技有限公司,50-150人,南山区,博士,A轮,"移动互联网,O2O",113.993578,22.99368,全职,5-10年,"['年底双薪', '绩效奖金', '交通补助', '带薪年假']"
114,4371747,医学图像处理算法/软件开发实习生,广州,2018-04-04 11:19:59,3.4,194821,GE,通用电气（中国）有限公司,2000人以上,天河区,硕士,上市公司,"移动互联网,医疗健康",113.322187,23.120127,实习,应届毕业生,"['绩效奖金', '带薪年假', '世界500强', '工业互联网']"
115,4224676,计算机视觉和图像处理 高级工程师/研究员,北京,2018-04-19 18:44:00,21.0,1686,爱奇艺,北京爱奇艺科技有限公司,2000人以上,海淀区,硕士,D轮及以上,"广告营销,文化娱乐",116.314233,39.982197,全职,不限,"['绩效奖金', '五险一金', '交通补助', '带薪年假']"
116,4482475,计算机视觉/机器学习/图像处理 算法工程师,北京,2018-04-25 17:26:19,28.0,520,小米,北京小米科技有限责任公司,2000人以上,海淀区,本科,D轮及以上,移动互联网,0.0,0.0,全职,3-5年,"['快速成长', '免费班车', '扁平管理', '技能培训']"
117,3484285,图像处理开发工程师（2018一作业校招岗位）,北京,2018-04-28 17:56:31,14.0,36031,一起科技,上海一起作业信息科技有限公司,500-2000人,朝阳区,硕士,D轮及以上,"移动互联网,教育",116.486624,40.000825,全职,应届毕业生,"['节日礼物', '岗位晋升', '扁平管理', '领导好']"
118,4446244,算法工程师（医学图像处理）,北京,2018-04-24 09:16:20,14.0,368932,苏州铸正机器人,苏州铸正机器人有限公司,15-50人,大兴区,硕士,不需要融资,医疗健康,116.421469,39.780755,全职,1-3年,"['""""']"
119,4042885,图像处理算法工程师,成都,2018-04-24 22:09:14,10.8,311642,成都蔚来空间科技有限公司,成都蔚来空间科技有限公司,15-50人,武侯区,本科,不需要融资,"数据服务,硬件",104.075339,30.539651,全职,1-3年,"['定期体检', '带薪年假', '节日礼物', '领导好']"
120,4310908,【校招】图像处理算法工程师,北京,2018-04-27 10:57:53,16.8,129,陌陌,北京陌陌科技有限公司,500-2000人,朝阳区,硕士,上市公司,社交网络,115.99339,39.99426,全职,应届毕业生,"['岗位晋升', '帅哥多', '管理规范', '技能培训']"
121,4401687,图像处理算法工程师,苏州,2018-04-11 11:02:07,24.0,330882,金色未来,苏州金色未来信息咨询股份有限公司,50-150人,高新区,本科,天使轮,企业服务,120.552306,31.269044,全职,不限,"['""""']"
122,4497489,图像处理算法实习生,北京,2018-04-28 10:24:31,5.6,311753,起宏图,北京起宏图科技有限公司,15-50人,海淀区,本科,A轮,"医疗健康,文化娱乐",116.234297,40.078875,实习,应届毕业生,"['""""']"
123,4293194,优酷-视频图像处理算法专家,北京,2018-04-25 20:00:50,21.6,216917,阿里文娱,大鱼快乐有限公司,2000人以上,海淀区,本科,上市公司,"文化娱乐,移动互联网",116.312183,39.981536,全职,3-5年,"['年底双薪', '股票期权', '绩效奖金', '定期体检']"
124,3714376,计算机视觉/图像处理 算法工程师,北京,2018-04-25 17:54:16,28.0,520,小米,北京小米科技有限责任公司,2000人以上,海淀区,本科,D轮及以上,移动互联网,0.0,0.0,全职,不限,"['快速成长', '免费班车', '扁平管理', '技能培训']"
125,3817901,算法工程师（图像处理方向）,北京,2018-04-23 14:11:39,21.0,109217,志诺维思,志诺维思（北京）基因科技有限公司,15-50人,海淀区,本科,A轮,"医疗健康,数据服务",115.99339,39.99426,全职,应届毕业生,"['年底双薪', '绩效奖金', '带薪年假', '年度旅游']"
126,4448267,计算机视觉/图像处理中高级算法工程师,深圳,2018-04-28 09:28:03,21.0,362414,弘金地体育,深圳市弘金地体育产业有限公司,150-500人,福田区,硕士,不需要融资,"移动互联网,文化娱乐",114.022558,22.552889,全职,3-5年,"['氛围超好', '年轻有活力', '食堂好吃', '主题生日会']"
127,4494845,图像处理算法工程师(实习),上海,2018-04-27 16:16:20,1.4,90377,航拍测绘、光伏电站巡检解决方案,上海伯镭智能科技有限公司,15-50人,浦东新区,本科,天使轮,"移动互联网,企业服务",121.494914,31.136262,实习,不限,"['专项奖金', '绩效奖金', '带薪年假', '免费班车']"
128,2735587,高级算法工程师（图像处理）,深圳,2018-04-28 17:16:59,25.2,119456,云之梦科技,深圳市云之梦科技有限公司,50-150人,南山区,硕士,A轮,"移动互联网,O2O",113.993578,22.99368,全职,3-5年,"['年底双薪', '绩效奖金', '交通补助', '带薪年假']"
129,4214386,计算机视觉/图像处理中高级算法工程师,深圳,2018-04-28 12:00:48,21.0,109046,弘金地网球,深圳市弘金地网球发展有限公司,150-500人,福田区,硕士,不需要融资,"O2O,文化娱乐",114.019146,22.553235,全职,3-5年,"['股票期权', '互联网+', '购房租房折扣', '各种奖金补贴']"
130,3668180,OpenCV图像处理工程师,深圳,2018-04-28 16:29:36,28.0,7232,亿车科技,深圳市前海亿车科技有限公司,150-500人,宝安区,本科,A轮,"移动互联网,数据服务",113.993578,22.99368,全职,3-5年,"['节日礼物', '年底双薪', '股票期权', '带薪年假']"
131,3334711,技术专家(图像处理、计算机图形博士),上海,2018-04-20 15:05:33,19.0,451,腾讯,腾讯科技(深圳)有限公司,2000人以上,徐汇区,硕士,上市公司,"移动互联网 ,游戏",121.397451,31.165198,全职,应届毕业生,"['免费班车', '成长空间', '年度旅游', '岗位晋升']"
132,4373194,深度学习和depth图像处理算法工程师,北京,2018-04-04 14:40:51,19.0,3454,北京三星通信研究院,北京三星通信技术研究有限公司,500-2000人,朝阳区,硕士,D轮及以上,其他,116.444661,39.972375,全职,不限,"['技能培训', '节日礼物', '专项奖金', '带薪年假']"
133,4460978,嵌入式开发专家（图像处理方向）,杭州,2018-04-21 18:12:25,17.0,103424,乐刻运动,杭州乐刻网络技术有限公司,500-2000人,西湖区,本科,C轮,O2O,120.124134,30.291882,全职,3-5年,"['节日礼物', '股票期权', '带薪年假', '绩效奖金']"
134,4038482,音频或图像处理识别算法工程师,北京,2018-04-26 08:36:14,28.0,1730,一下科技,炫一下（北京）科技有限公司,500-2000人,朝阳区,本科,D轮及以上,"移动互联网,文化娱乐",116.48919426,39.999364,全职,1-3年,"['带薪年假', '绩效奖金', '岗位晋升', '管理规范']"
135,3859394,图像处理OpenCV（智能）,武汉,2018-04-18 11:31:13,24.0,277312,微晟,微晟（武汉）技术有限公司,15-50人,洪山区,本科,不需要融资,"移动互联网,硬件",114.412546,30.500298,全职,3-5年,"['年底双薪', '年终分红', '交通补助', '领导好']"
136,4368540,视频图像处理（OpenGL）工程师,南京,2018-04-25 10:39:52,14.0,83580,地平线机器人,北京地平线信息技术有限公司,150-500人,栖霞区,不限,A轮,"移动互联网,硬件",118.878204,32.137577,全职,不限,"['节日礼物', '带薪年假', '定期体检', '弹性工作']"
137,4091204,Python图像处理开发工程师,上海,2018-04-27 11:23:15,19.0,189579,Versa,上海懿天网络科技有限公司,15-50人,徐汇区,本科,A轮,"移动互联网,文化娱乐",121.445213,31.178716,全职,1-3年,"['年底双薪', '股票期权', '帅哥多', '扁平管理']"
138,4488109,OpenCV图像处理工程师,廊坊,2018-04-26 15:34:04,21.0,315255,北京蓝海之家教育科技研究院,北京蓝海之家教育科技研究院,50-150人,三河市,本科,不需要融资,"移动互联网,数据服务",116.804219,39.943893,兼职,3-5年,"['""""']"
139,4407115,C++开发工程师（图像处理方向）,西安,2018-04-27 10:20:07,10.8,315042,科思创动,深圳市科思创动科技有限公司,150-500人,高新技术产业开发区,本科,A轮,"移动互联网,数据服务",108.88472,34.185799,全职,1-3年,"['""""']"
140,4416244,C/C++软件工程师（图像处理经验优先）,珠海,2018-04-13 11:15:15,21.0,203647,耐能 Kneron,深圳市耐能人工智能有限公司,15-50人,香洲区,本科,A轮,"企业服务,数据服务",113.492789,22.224443,全职,3-5年,"['股票期权', '午餐补助', '带薪年假', '扁平管理']"
141,4118619,深度学习（图像处理）计算机视觉工程师,上海,2018-04-25 10:55:45,28.0,240153,天壤智能,上海天壤智能科技有限公司,50-150人,长宁区,本科,A轮,"移动互联网,企业服务",121.420479,31.193451,全职,3-5年,"['年底双薪', '带薪年假', '午餐补助', '定期体检']"
142,4203255,图像算法工程师（图像处理与识别方向）,北京,2018-04-16 16:06:50,24.0,133336,上海摩象网络科技有限公司,上海摩象网络科技有限公司,50-150人,海淀区,本科,A轮,移动互联网,116.307278,40.035928,全职,1-3年,[]
143,4376507,图形图像处理专家,上海,2018-04-19 12:00:42,28.0,83794,优麦,上海麦色信息科技有限公司,15-50人,闵行区,本科,天使轮,"移动互联网,医疗健康",,,全职,3-5年,"['股票期权', '绩效奖金', '岗位晋升', '扁平管理']"
144,4342530,图形图像处理,北京,2018-04-27 10:35:51,21.0,113697,LinkDoc,零氪信息技术（北京）有限公司,150-500人,海淀区,硕士,C轮,"医疗健康,数据服务",116.313451,39.982037,全职,应届毕业生,"['年底双薪', '年终分红', '带薪年假', '定期体检']"
145,4124309,算法工程师（图形图像处理/识别）,北京,2018-04-23 10:49:38,9.0,173610,度量科技,北京度量科技有限公司,15-50人,朝阳区,硕士,未融资,硬件,116.408871,39.980098,全职,不限,[]
146,4448710,图形图像处理/深度学习,上海,2018-04-19 12:03:48,14.0,83794,优麦,上海麦色信息科技有限公司,15-50人,闵行区,本科,天使轮,"移动互联网,医疗健康",,,全职,应届毕业生,"['股票期权', '绩效奖金', '岗位晋升', '扁平管理']"
